DROP TABLE IF EXISTS `users`;
CREATE TABLE IF NOT EXISTS `users` (
  `id` bigint(20) UNSIGNED NOT NULL AUTO_INCREMENT,
  `name` varchar(191) COLLATE utf8mb4_unicode_ci NOT NULL,
  `discord_name` varchar(191) COLLATE utf8mb4_unicode_ci NOT NULL,
  `email` varchar(191) COLLATE utf8mb4_unicode_ci DEFAULT NULL,
  `role` enum('player','dm','admin') COLLATE utf8mb4_unicode_ci NOT NULL DEFAULT 'player',
  `active` tinyint(1) NOT NULL DEFAULT '1',
  `password` varchar(191) COLLATE utf8mb4_unicode_ci NOT NULL,
  `remember_token` varchar(100) COLLATE utf8mb4_unicode_ci DEFAULT NULL,
  `created_at` timestamp NULL DEFAULT NULL,
  `updated_at` timestamp NULL DEFAULT NULL,
  PRIMARY KEY (`id`),
  UNIQUE KEY `users_discord_name_unique` (`discord_name`),
  UNIQUE KEY `users_email_unique` (`email`)
) ENGINE=MyISAM AUTO_INCREMENT=28 DEFAULT CHARSET=utf8mb4 COLLATE=utf8mb4_unicode_ci;

INSERT INTO `users` (`id`, `name`, `discord_name`, `email`, `role`, `active`, `password`, `remember_token`, `created_at`, `updated_at`) VALUES
(1, 'Chris', 'MEDlC#4287', NULL, 'dm', 1, '$2y$10$59qytvEGSHvInASuknBzne9A1TWhCiUtkJCTMyQqdTJXDz0G0i8IO', NULL, '2018-10-08 09:00:00', '2019-06-06 23:17:48'),
(2, 'Hayden', 'Damoeba#7748', NULL, 'player', 1, '$2y$10$C8alJaJ8q2q2JxkGSCGyo.1ao4mJuZQtcqsHhLJG4dwoyp6SX3.qG', NULL, '2018-10-08 09:00:00', '2019-06-06 23:18:01'),
(3, 'Sage', 'Lord Oddish#0465', NULL, 'player', 1, '$2y$10$i00ZqsXKsvzIy5pQoXMgV./b5YzmqfFprUyKSgKxzku0hjzYQxn4m', NULL, '2018-10-08 09:00:00', '2019-06-06 23:18:12'),
(4, 'Tink', 'kitten (l7#3763', NULL, 'player', 1, '$2y$10$DCNSL6je.tcMNEauBvqrVunqaDQraqn9myiXiOblAV0pQNE/jxh2S', NULL, '2019-02-17 09:00:00', '2019-06-05 22:10:33'),
(5, 'Tyroki', 'Tyroki#9119', NULL, 'player', 0, '$2y$10$jLF96R/vSA8B13PI4.l3A.CZhq6Dsn6WXtxYyDWES1yODEU/bjI/.', NULL, '2019-02-17 09:00:00', '2019-06-15 16:14:23'),
(6, 'Balthazar', 'balthazar#5310', NULL, 'player', 0, '$2y$10$kFnwFlX64FQCdOmSrV80peAfmwegg6IGPxKbb95VBHBq6p7SsPKSu', NULL, '2019-02-17 09:00:00', '2019-06-07 00:06:50'),
(7, 'Mother', 'Mother#7959', NULL, 'player', 1, '$2y$10$oEAU8MYstOmmlyBax96s6udZOouULmLXq1gGSMd6pLNSL0sV6o8CK', NULL, '2019-02-17 09:00:00', '2019-06-06 23:18:23'),
(8, 'Lucan', 'Lucan - Genasi Monk#7741', NULL, 'player', 0, '$2y$10$pkHatF9f6Osmm.GoxcnZ4.JrAwpZaB8LLK4npyPZu0YLeDIfJcOOG', NULL, '2019-02-17 09:00:00', '2019-06-07 00:06:56'),
(9, 'Dan', 'Dan_At_Arms#8976', NULL, 'player', 0, '$2y$10$w/AYvWvksCL.gAUxNotAj.zmcTyTaZiP0IwHZBlcuU/TVoVzyN/QK', NULL, '2019-02-22 09:00:00', '2019-06-07 00:07:03'),
(10, 'Alasdair', 'Alasdair#8562', NULL, 'player', 0, '$2y$10$kjkGkjwg6hMOColeDBTeIuVLabKvmUSYoUJcMOttoBqbNynx5VBiC', NULL, '2019-02-22 09:00:00', '2019-06-07 00:07:08'),
(11, 'Ruby', 'Rubicullies#0556', NULL, 'player', 0, '$2y$10$tI3d7noO5kjpnQAz6qaETOF3SMmoH0bWQKv2uIZ9asLElLo57LSY2', NULL, '2019-02-24 09:00:00', '2019-06-15 16:14:08'),
(12, 'Vish', 'Vishika#3856', NULL, 'admin', 1, '$2y$10$JmQCQIeUc09ToDJSkZiMSOPV6wLqLbTrFrwAJkGWV1U4zdZbj3TCm', NULL, '2019-02-24 09:00:00', '2019-06-06 10:43:07'),
(13, 'Frandan', 'rooster bro#3319', NULL, 'player', 0, '$2y$10$Cn/KkLaMa/ZDosaFdnCoRucuIkoGICYY/3SoQCktq/kC7ieAZVO1G', NULL, '2019-02-24 09:00:00', '2019-06-07 00:07:28'),
(14, 'Jommy', 'Jommy.#2255', NULL, 'player', 1, '$2y$10$rDvGZr6vuutLNzpdpxu51OLxMMTcTLn2xPdt74U00V.BE5U7Vcunq', NULL, '2019-02-24 09:00:00', '2019-06-05 22:28:06'),
(15, 'Ullizal', 'GorillaKayo#3784', NULL, 'player', 0, '$2y$10$w7TWzaVjnjpMbImVDATQnuurTI7dUIlgs/7Mpby7iFVTTgElI6xma', NULL, '2019-03-01 09:00:00', '2019-06-15 16:13:54'),
(16, 'Hartless', '🔥 Hartless 🔥#4069', NULL, 'player', 1, '$2y$10$aEZOiQpTm48x2Izz0ZQAYuslhV9XLFVlAgo.gR8AM0UiN9VG.3TO6', NULL, '2019-03-01 09:00:00', '2019-06-05 22:17:58'),
(17, 'Karn', 'JL#3797', NULL, 'player', 0, '$2y$10$gaBse8vQtVDavqa9grJUZe5xNjjVTe5pdRotcx1hNuJVAW7iTUQs6', NULL, '2019-03-02 09:00:00', '2019-06-07 00:07:43'),
(18, 'Kreeze', 'Dj Kreeze#6411', NULL, 'player', 0, '$2y$10$CBipy7XMAI60Tbf53TdnEOxckjQnDR/S6.4YJ6hrk9Aw9ItziP.RW', NULL, '2019-03-02 09:00:00', '2019-06-06 23:40:35'),
(19, 'Talla', 'tallahassee0217#5494', NULL, 'dm', 1, '$2y$10$QygPlRD7IgeRWDGbJJKGyO290iaj4tlH9Q/aLEABSBx8lmQM.Ok9O', NULL, '2019-03-11 09:00:00', '2019-06-06 10:32:59'),
(20, 'Luka', 'Lukadrop#6284', NULL, 'player', 0, '$2y$10$g8kI2ah2fU348uKSCZ047.0GlGeZCAnYbOaW2y8cAdt.P6z09ctAy', NULL, '2019-03-15 09:00:00', '2019-06-07 00:08:17'),
(21, 'Journal', 'Gray#4082', NULL, 'player', 0, '$2y$10$2xwA64C.Sq3OH8ghPsM4V.bkjzd/UUHR2KE7KPgIMLoLe/Ue.MQ4C', NULL, '2019-03-15 09:00:00', '2019-06-06 23:57:21'),
(22, 'Edward', 'ClericEdward#7519', NULL, 'player', 0, '$2y$10$7/SyIUXQ2WI71SgEmsRxaO4DQFQ3WvRBO1LNtCl2ndFW5zjHcXTFC', NULL, '2019-03-15 09:00:00', '2019-06-07 00:06:30'),
(23, 'Striggly', 'Striggly#2498', NULL, 'player', 1, '$2y$10$RR4seB8qvF1SbqdAbVN/2u75t596oUxuCqoHqAMXRsgts5RPz6mge', NULL, '2019-03-15 09:00:00', '2019-06-06 10:35:10'),
(24, 'Jack', 'Almighty Tuna#7441', NULL, 'player', 0, '$2y$10$gj.7Ta1dOpfJUUSQLYNzk.NcilqFxNi4MGFfof.Dhc8lNSqDk.IzC', NULL, '2019-04-05 09:00:00', '2019-06-07 00:07:58'),
(25, 'Laki', 'DumplingIsNice#0650', NULL, 'player', 0, '$2y$10$ZPJhLK0qBIBxoE/YbEh7N.Y66.DVgYwVi/aADoZAQU0yAAZ2ToQFO', NULL, '2019-03-11 09:00:00', '2019-06-07 00:08:07'),
(26, 'David', 'Reboundguy#8738', NULL, 'player', 1, '$2y$10$U.WmsvwJ8yJvM8tXYeT2VebvVsKZitKJ0xZtvlNnZOhas4UclrVCq', NULL, '2019-03-28 09:00:00', '2019-06-06 11:11:52'),
(27, 'Shern', 'j3kiipop#6852', NULL, 'player', 1, '$2y$10$KYarkcWPaWefH2UWDRyKZutyq3asR9EgX892/G9iGGoczQlyqvPt2', NULL, '2019-05-16 12:00:00', '2019-06-06 10:37:02');

DROP TABLE IF EXISTS `registrables`;
CREATE TABLE IF NOT EXISTS `registrables` (
  `id` bigint(20) UNSIGNED NOT NULL AUTO_INCREMENT,
  `discord_name` varchar(191) COLLATE utf8mb4_unicode_ci NOT NULL,
  `created_at` timestamp NULL DEFAULT NULL,
  `updated_at` timestamp NULL DEFAULT NULL,
  PRIMARY KEY (`id`),
  UNIQUE KEY `registrables_discord_name_unique` (`discord_name`)
) ENGINE=MyISAM DEFAULT CHARSET=utf8mb4 COLLATE=utf8mb4_unicode_ci;

DROP TABLE IF EXISTS `characters`;
CREATE TABLE IF NOT EXISTS `characters` (
  `id` bigint(20) UNSIGNED NOT NULL AUTO_INCREMENT,
  `user_id` bigint(20) NOT NULL,
  `name` varchar(191) COLLATE utf8mb4_unicode_ci NOT NULL,
  `gold` bigint(20) UNSIGNED NOT NULL DEFAULT '0',
  `experience` bigint(20) UNSIGNED NOT NULL DEFAULT '0',
  `level` int(10) UNSIGNED NOT NULL DEFAULT '3',
  `race` varchar(191) COLLATE utf8mb4_unicode_ci NOT NULL,
  `class` varchar(191) COLLATE utf8mb4_unicode_ci NOT NULL,
  `active` tinyint(1) NOT NULL DEFAULT '1',
  `created_at` timestamp NULL DEFAULT NULL,
  `updated_at` timestamp NULL DEFAULT NULL,
  PRIMARY KEY (`id`),
  UNIQUE KEY `characters_name_unique` (`name`),
  KEY `characters_user_id_foreign` (`user_id`)
) ENGINE=MyISAM AUTO_INCREMENT=54 DEFAULT CHARSET=utf8mb4 COLLATE=utf8mb4_unicode_ci;

INSERT INTO `characters` (`id`, `user_id`, `name`, `gold`, `experience`, `level`, `race`, `class`, `active`, `created_at`, `updated_at`) VALUES
(1, 1, 'Scorpion', 17544, 41729, 8, 'Human', 'Cleric', 1, '2019-06-06 11:19:27', '2019-06-13 12:59:32'),
(2, 2, 'Idwin', 83, 29312, 7, 'Human', 'Fighter', 1, '2019-06-06 11:19:58', '2019-06-15 15:06:07'),
(3, 3, 'Sageridge', 9840, 48010, 9, 'Human', 'Fighter-Sorcerer', 1, '2019-06-06 11:20:21', '2019-06-15 14:34:27'),
(4, 4, 'Kitten', 2023, 27982, 7, 'Tabaxi', 'Rogue-Bard', 1, '2019-06-06 11:21:23', '2019-06-15 14:37:25'),
(5, 5, 'Shimbal', 6497, 20334, 6, 'Human', 'Malefactor', 1, '2019-06-06 11:22:36', '2019-06-15 14:32:54'),
(6, 6, 'Balthazar', 110, 900, 3, 'Human', 'Druid', 1, '2019-06-06 11:23:55', '2019-06-13 01:24:41'),
(7, 7, 'Lux', 7226, 40460, 8, 'Succubus', 'Bard', 1, '2019-06-06 11:24:47', '2019-06-15 14:18:14'),
(8, 8, 'Lucan', 110, 900, 3, 'Genasi', 'Monk', 1, '2019-06-06 11:25:19', '2019-06-13 01:24:41'),
(9, 9, 'Fax', 2684, 5185, 4, 'Dragonborn', 'Barbarian', 1, '2019-06-06 11:25:41', '2019-06-15 14:35:15'),
(10, 10, 'Vekki', 1646, 8697, 5, 'Half-Orc', 'Cleric', 1, '2019-06-06 11:26:28', '2019-06-15 14:30:37'),
(11, 11, 'Caemyn', 325, 1437, 3, 'Human', 'Sorcerer', 0, '2019-06-06 11:26:54', '2019-06-14 20:52:08'),
(12, 12, 'Gruk', 15375, 40789, 8, 'Half-Orc', 'Fighter', 1, '2019-06-06 11:27:17', '2019-06-15 14:43:06'),
(13, 13, 'Frandan', 706, 14550, 6, 'Human', 'Fighter', 1, '2019-06-06 11:28:14', '2019-06-15 14:49:11'),
(14, 14, 'Rollo', 1350, 6981, 5, 'Goblin', 'Rogue', 1, '2019-06-06 11:29:02', '2019-06-13 12:35:58'),
(15, 15, 'Ullizal', 937, 3610, 4, 'Half-Orc', 'Barbarian', 1, '2019-06-06 11:30:27', '2019-06-14 20:50:32'),
(16, 16, 'H34-RT', 0, 1390, 3, 'Warforged', 'Fighter-Rogue', 0, '2019-06-06 11:31:37', '2019-06-15 14:56:04'),
(17, 5, 'Shana', 2145, 9833, 5, 'Gnome', 'Artificer', 1, '2019-06-06 11:33:54', '2019-06-15 14:54:45'),
(18, 17, 'Karn', 0, 14000, 6, 'Wood-Elf', 'Druid', 1, '2019-06-06 11:34:37', '2019-06-15 14:57:51'),
(19, 18, 'Karina', 30, 800, 3, 'Human', 'Warlock', 0, '2019-06-06 11:36:06', '2019-06-15 15:07:45'),
(20, 16, 'M46-1K', 2267, 24995, 7, 'Warforged', 'Warlock-Paladin', 1, '2019-06-06 11:38:25', '2019-06-15 15:16:37'),
(21, 10, 'Dr-Drow', 0, 200, 3, 'Drow', 'Bard', 1, '2019-06-06 11:40:01', '2019-06-13 03:33:47'),
(22, 18, 'Stitch', 550, 1800, 3, 'Tabaxi', 'Cleric', 1, '2019-06-06 11:41:02', '2019-06-15 16:23:48'),
(23, 19, 'Skorm', 1417, 16566, 6, 'Shadar-Kai', 'Rogue', 0, '2019-06-06 11:42:25', '2019-06-15 15:27:13'),
(24, 12, 'Rillithane', 197, 1263, 3, 'High-Elf', 'Wizard', 0, '2019-06-06 11:43:33', '2019-06-13 04:16:12'),
(25, 4, 'Evangeline', 197, 1263, 3, 'High-Elf', 'Fighter', 0, '2019-06-06 11:46:15', '2019-06-13 04:16:12'),
(26, 5, 'Nail', 740, 3873, 4, 'Genasi', 'Wizard', 0, '2019-06-06 11:47:32', '2019-06-15 15:20:07'),
(27, 16, 'BL4-57', 17, 367, 3, 'Warforged', 'Monk', 0, '2019-06-06 11:49:31', '2019-06-13 03:48:08'),
(28, 7, 'Alceen', 17, 3840, 4, 'Genasi', 'Sorcerer', 1, '2019-06-06 11:50:14', '2019-06-15 15:34:33'),
(29, 11, 'Dakovir', 1251, 8150, 5, 'Dragonborn', 'Cleric', 1, '2019-06-06 11:53:33', '2019-06-14 21:05:41'),
(30, 20, 'Gattern', 1550, 600, 3, 'Dwarf', 'Barbarian', 1, '2019-06-07 00:41:49', '2019-06-13 04:01:45'),
(31, 21, 'Journal', 1001, 6500, 5, 'Warforged', 'Monk', 1, '2019-06-07 00:42:15', '2019-06-15 15:35:21'),
(32, 19, 'Cullarin', 1211, 4223, 4, 'Dragonborn', 'Cleric', 0, '2019-06-07 00:43:07', '2019-06-14 21:06:15'),
(33, 22, 'Edward', 645, 500, 3, 'Human', 'Cleric', 1, '2019-06-07 00:43:39', '2019-06-13 04:10:45'),
(34, 23, 'Sharoar', 6779, 26756, 7, 'Half-Orc', 'Sorcerer', 1, '2019-06-07 00:45:13', '2019-06-15 15:40:26'),
(35, 19, 'Rakagan', 0, 320, 3, 'Kobold', 'Ranger', 0, '2019-06-07 00:45:52', '2019-06-13 04:16:12'),
(36, 1, 'William', 1144, 3485, 4, 'Human', 'Wizard', 1, '2019-06-07 00:50:19', '2019-06-14 21:09:15'),
(37, 12, 'Gain', 1918, 14010, 6, 'Human', 'Wizard', 1, '2019-06-07 00:51:54', '2019-06-15 15:53:00'),
(38, 24, 'Jack', 719, 1100, 3, 'Human', 'Warlock', 1, '2019-06-07 00:52:16', '2019-06-13 09:32:11'),
(39, 23, 'Jade', 9561, 45031, 8, 'Shifter', 'Druid', 1, '2019-06-07 00:54:37', '2019-06-15 15:47:08'),
(40, 19, 'Noitamaglama', 0, 1310, 3, 'Simic', 'Druid', 0, '2019-06-07 00:55:37', '2019-06-15 14:49:11'),
(41, 25, 'Laki', 561, 730, 3, 'Half-Elf', 'Fighter-Rogue', 1, '2019-06-07 00:56:31', '2019-06-13 10:07:39'),
(42, 17, 'Krone', 561, 730, 3, 'Half-Elf', 'Bard', 1, '2019-06-07 00:56:57', '2019-06-13 10:07:39'),
(43, 19, 'Pailor', 6236, 32049, 7, 'Aasimar', 'Paladin', 1, '2019-06-07 00:57:42', '2019-06-15 16:00:59'),
(44, 5, 'Ling', 860, 3070, 4, 'Human', 'Sorcerer', 0, '2019-06-07 00:59:32', '2019-06-13 10:26:47'),
(45, 5, 'Luang', 177, 4188, 4, 'Human', 'Warlock-Fighter', 0, '2019-06-07 01:00:05', '2019-06-15 16:02:09'),
(46, 5, 'Yahn', 1215, 3013, 4, 'Human', 'Fighter-Artificer', 0, '2019-06-07 01:00:45', '2019-06-13 11:25:07'),
(47, 4, 'Azasial', 1460, 9970, 5, 'Shadar-Kai', 'Monk', 1, '2019-06-07 01:01:19', '2019-06-15 16:03:07'),
(48, 3, 'Treekie', 1109, 4141, 4, 'Goblin', 'Hunter', 1, '2019-06-07 01:01:42', '2019-06-15 16:03:48'),
(49, 26, 'Babolax', 0, 1960, 3, 'Goblin', 'Paladin', 1, '2019-06-07 01:02:45', '2019-06-13 12:35:58'),
(50, 19, 'Sheen', 1323, 3068, 4, 'Genasi', 'Cleric', 1, '2019-06-07 01:03:38', '2019-06-13 12:03:14'),
(51, 27, 'Shern', 1323, 3068, 4, 'Triton', 'Paladin', 1, '2019-06-07 01:04:00', '2019-06-13 12:03:14'),
(52, 16, 'Z3R-00', 351, 2316, 3, 'Vedulken', 'Cleric-Wizard', 1, '2019-06-07 01:05:20', '2019-06-13 12:46:21'),
(53, 4, 'Iron Feather', 945, 5359, 4, 'Kenku', 'Monk', 1, '2019-06-13 02:45:48', '2019-06-15 14:58:15');

DROP TABLE IF EXISTS `sessions`;
CREATE TABLE IF NOT EXISTS `sessions` (
  `id` bigint(20) UNSIGNED NOT NULL AUTO_INCREMENT,
  `name` varchar(191) COLLATE utf8mb4_unicode_ci NOT NULL,
  `user_id` bigint(20) NOT NULL,
  `difficulty` enum('easy','role play','medium','hard','deadly') COLLATE utf8mb4_unicode_ci NOT NULL DEFAULT 'medium',
  `duration` int(11) NOT NULL DEFAULT '1',
  `encounters` int(11) NOT NULL DEFAULT '1',
  `note` varchar(191) COLLATE utf8mb4_unicode_ci DEFAULT NULL,
  `created_at` timestamp NULL DEFAULT NULL,
  `updated_at` timestamp NULL DEFAULT NULL,
  PRIMARY KEY (`id`),
  UNIQUE KEY `sessions_name_unique` (`name`),
  KEY `sessions_user_id_foreign` (`user_id`)
) ENGINE=MyISAM AUTO_INCREMENT=63 DEFAULT CHARSET=utf8mb4 COLLATE=utf8mb4_unicode_ci;

INSERT INTO `sessions` (`id`, `name`, `user_id`, `difficulty`, `duration`, `encounters`, `note`, `created_at`, `updated_at`) VALUES
(1, 'Elemental Transformer', 1, 'hard', 3, 2, '2 vampire spawns, 3 earth elementals, 1 \"greater\" earth elemental', '2019-02-17 09:00:00', '2019-06-13 01:24:41'),
(2, 'Behold the Zombie', 1, 'hard', 3, 3, 'zombie beholder, wraith, 2-7 ghouls (ring of swimming sold)', '2019-02-22 09:00:00', '2019-06-13 01:53:21'),
(3, 'Monks eat Plants', 14, 'hard', 3, 2, 'plant monsters', '2019-02-24 09:00:00', '2019-06-13 02:00:50'),
(4, 'Escape from the Drider', 1, 'hard', 3, 2, 'fire elemental, nothic, fled from drider', '2019-02-24 09:00:00', '2019-06-13 02:06:25'),
(5, 'Return to the Drider', 1, 'deadly', 3, 1, 'drider', '2019-03-01 09:00:00', '2019-06-13 02:14:09'),
(6, 'Trolling a Dungeon', 14, 'hard', 3, 4, 'troll, ogre, nothic, shadow, 3 grey oozes', '2019-03-01 09:00:00', '2019-06-13 02:24:02'),
(7, 'Return of the Plants', 1, 'hard', 2, 1, '5 plant monsters', '2019-03-01 09:00:00', '2019-06-13 02:34:28'),
(8, 'Bandits and Heroes', 1, 'medium', 3, 3, 'bandits, cloaker, grick alpha (boots of striding and jumping sold)', '2019-03-03 09:00:00', '2019-06-13 03:03:07'),
(9, 'Sleep with One Eye Open', 14, 'deadly', 3, 1, '2 cyclopses', '2019-03-03 09:00:00', '2019-06-13 03:07:45'),
(10, 'Ghouls and Goblins', 1, 'hard', 3, 3, '2 ghouls, goblins', '2019-03-08 09:00:00', '2019-06-13 03:15:00'),
(11, 'Ghost Busted', 14, 'medium', 3, 1, 'ghost', '2019-03-08 09:00:00', '2019-06-13 03:18:56'),
(12, 'House in the Woods', 1, 'medium', 3, 3, 'banshee, \"death\", goblin', '2019-03-10 09:00:00', '2019-06-13 03:27:46'),
(13, 'Rap Battle', 1, 'role play', 1, 0, 'dr drow vs kitten', '2019-03-10 09:00:00', '2019-06-13 03:33:47'),
(14, 'A Stitch of Fabric', 1, 'role play', 1, 0, 'tavern role play', '2019-03-11 09:00:00', '2019-06-13 03:37:01'),
(15, 'Mr Whiteside', 10, 'medium', 3, 3, '5 twig blights, 2 vine blights, druid, ghost, corrupted dryad', '2019-03-11 09:00:00', '2019-06-13 03:41:58'),
(16, 'Guantlet of Dark Souls', 5, 'deadly', 3, 3, '3 shadows, 1 spectre, 3 animated armour', '2019-03-12 09:00:00', '2019-06-13 03:48:08'),
(17, 'The Lich', 14, 'deadly', 3, 1, 'lich', '2019-03-15 09:00:00', '2019-06-13 03:53:49'),
(18, 'Lichs Lair', 2, 'medium', 3, 3, 'skeletons (dwarven plate, oil of sharpness, potion of hill giant strength sold)', '2019-03-15 09:00:00', '2019-06-13 04:01:45'),
(19, 'Behind the Curtain', 1, 'medium', 3, 2, 'spiders, kobolds, kobold sorcerer', '2019-03-17 09:00:00', '2019-06-13 04:10:45'),
(20, 'Jurassic Pet', 5, 'medium', 3, 3, 'allosaurus, \"compies\", 2 anklyosauri, tyranosaurus', '2019-03-19 09:00:00', '2019-06-13 04:16:12'),
(21, 'Stash and Burn', 5, 'medium', 3, 2, '\"spectral horsemen\"', '2019-03-22 09:00:00', '2019-06-13 04:25:05'),
(22, 'Hole of Horrors', 1, 'hard', 3, 3, 'ogre, 3 wights, zombie, otyugh', '2019-03-24 09:00:00', '2019-06-13 04:29:49'),
(23, 'Da Orks', 5, 'medium', 3, 3, '\"orcs\"', '2019-03-26 09:00:00', '2019-06-13 04:38:32'),
(24, 'Inverted Tower', 19, 'hard', 4, 4, '10 imps, 5 zombies, 2 skeletons, 1 back pudding, 3 wizards, 4 ghouls', '2019-03-29 09:00:00', '2019-06-13 04:54:34'),
(25, 'Hard to Swallow', 1, 'deadly', 3, 2, 'froghemoth, cyclops', '2019-03-31 09:00:00', '2019-06-13 04:58:02'),
(26, 'Slaughter House', 12, 'deadly', 12, 12, '4 animated armour, broom of animated attack, spectre, 2 child ghosts, grick, 4 ghouls, 7 shadows, corpse flower, 2 ghasts, mimic, 6 swarms of rats', '2019-04-02 09:00:00', '2019-06-13 05:15:30'),
(27, 'Iron Door', 1, 'medium', 3, 3, '60 boggles, fromorian, roper', '2019-04-05 09:00:00', '2019-06-13 09:32:11'),
(28, 'The Other Us', 19, 'hard', 3, 1, '4 \"clones\"', '2019-04-06 11:00:00', '2019-06-13 09:40:16'),
(29, 'Moonbeam Bison', 1, 'medium', 3, 3, 'Chimera (8 horses as reward)', '2019-04-07 12:00:00', '2019-06-13 09:47:59'),
(30, 'Reincarnation', 12, 'hard', 3, 2, '8 twig blights, 4 needle blights, green hag, yeth hound, elder darkling, 2 darklings (sharoar reincarnated as a half-orc)', '2019-04-08 12:00:00', '2019-06-13 09:53:48'),
(31, 'War of the Elves', 19, 'deadly', 3, 3, '3 shadow dancers, \"skorm\", archmage', '2019-04-09 12:00:00', '2019-06-13 09:58:52'),
(32, 'Crit City', 1, 'medium', 3, 3, 'stone giant, 2 trolls, saber tooth tiger', '2019-04-12 12:00:00', '2019-06-13 10:07:39'),
(33, 'The Riddle Master', 19, 'role play', 3, 0, '\"3 riddles\" (Gilded visor, Golden shovel, Shot of very potent alcohol, Potion of the iron fist, blood amulet, Magical signet)', '2019-04-14 12:00:00', '2019-06-13 10:12:06'),
(34, 'The Legend of Scorpion', 12, 'medium', 3, 3, 'giant bat, 2 swarms of bats, 7 bats, 5 fiendish giant spiders', '2019-04-18 12:00:00', '2019-06-13 10:16:32'),
(35, 'The Hive', 1, 'hard', 3, 3, '2 flaming skulls, wraith, zombie beholder', '2019-04-19 12:00:00', '2019-06-13 10:21:33'),
(36, 'Slay the Spire', 1, 'deadly', 3, 3, 'earth elemental, hungry, dybbuk', '2019-04-21 12:00:00', '2019-06-13 10:26:47'),
(37, 'Return to Stillwater Grove', 12, 'hard', 3, 2, 'gnoll gnasher, 3 gnoll hunters, 3 gnolls, 3 hyenas, \"corrupted giant boar\", 3 boars', '2019-04-22 12:00:00', '2019-06-13 10:31:24'),
(38, 'Furniture Clearance', 1, 'hard', 3, 4, 'black pudding, 2 bone nagas, 2 \"giant mimics\", 2 fire giant (fled)', '2019-04-23 12:00:00', '2019-06-13 10:37:49'),
(39, 'Band of Brothers', 1, 'medium', 2, 1, '2 fire giants', '2019-04-24 12:00:00', '2019-06-13 10:42:14'),
(40, 'Gruk Hulks Out', 12, 'medium', 3, 3, '12 troglodytes, earth elemental, umber hulk', '2019-04-24 12:00:00', '2019-06-13 10:49:54'),
(41, 'Shindig at the Black Lotus', 19, 'role play', 3, 0, 'Murder mystery', '2019-04-26 12:00:00', '2019-06-13 10:54:41'),
(42, 'Sword vs Sorcery', 1, 'medium', 4, 4, '1 girallon, 8 apes, allip, 3 rekoners, medusa (spared)', '2019-04-28 12:00:00', '2019-06-13 11:01:33'),
(43, 'Gardening', 19, 'hard', 4, 2, '8 twig blights, 16 needle blights, 8 vine blights, \"tree blight\"', '2019-06-12 12:00:00', '2019-06-13 11:06:41'),
(44, 'Raiders of Ashardalon', 12, 'hard', 5, 3, '4 hyenas , 3 giant hyenas, 3 \"statues\", \"mummy\"', '2019-05-02 12:00:00', '2019-06-13 11:16:35'),
(45, 'Jurassic Plauge', 19, 'medium', 3, 2, '10 axe beaks, 2 anklyosaurus zombies', '2019-05-03 12:00:00', '2019-06-13 11:20:11'),
(46, 'Evil Jade', 1, 'hard', 3, 4, 'clay gladiator, skeleton minatour, \"lesser stone juggernaut\", unicorn or gorgon', '2019-05-03 12:00:00', '2019-06-13 11:25:07'),
(47, 'Arachnophobia', 12, 'hard', 3, 2, '3 owlbears, 3 giant spiders, 7 giant wolf spiders, 10 spiders (7 glands of giant wolf spider venom, 3 glands of giant spider venom)', '2019-05-07 12:00:00', '2019-06-13 11:33:11'),
(48, 'Mind Fucked', 19, 'hard', 3, 2, '4 intellect devourers, 2 mind flayers', '2019-05-07 12:00:00', '2019-06-13 11:37:58'),
(49, 'Teletubbie Cult', 1, 'hard', 4, 3, '2 ropers, vampire spawn, zombie yeti (Potion of healing, Potion of greater healing, Potion of superior healing, Spell scroll lvl 1, Spell scroll lvl 2)', '2019-05-10 12:00:00', '2019-06-13 11:43:50'),
(50, 'Lobster Roc', 1, 'medium', 2, 2, '\"lobster roc\", \"each other\"', '2019-05-11 12:00:00', '2019-06-13 11:48:09'),
(51, 'Kitsune Kidnap and Cows go Ape', 19, 'deadly', 4, 3, '3 archers, 7 bandit captains, 1 flail snail, 3 giant apes', '2019-05-12 12:00:00', '2019-06-13 11:56:23'),
(52, 'Gnoll attack', 12, 'medium', 2, 1, 'gnoll fang of yeenogu, 3 gnoll gnashers, 2 gnoll hunters, 3 gnolls, 3 gnoll witherlings', '2019-05-17 12:00:00', '2019-06-13 12:03:14'),
(53, 'The Mulhorandi', 1, 'role play', 2, 0, NULL, '2019-05-18 12:00:00', '2019-06-13 12:09:08'),
(54, 'Return of the Gnolls', 12, 'deadly', 6, 3, '4 gnolls, 4 gnoll hunters, 4 gnoll flesh gnawers, 1 leucrotta. 1 gnoll packlord, 1 shoosuva. 1 \"spawn of yeenogu\"', '2019-05-22 12:00:00', '2019-06-13 12:16:40'),
(55, 'Ferry Man', 1, 'medium', 3, 1, '2 leucrotta or 2 chimera', '2019-05-24 12:00:00', '2019-06-13 12:22:19'),
(56, 'Divining do over Egyption Style', 1, 'role play', 3, 0, NULL, '2019-05-25 12:00:00', '2019-06-13 12:26:30'),
(57, 'Gnoll Tower Undead Tossing', 1, 'medium', 2, 2, 'balgura, dretches, ghouls', '2019-06-26 12:00:00', '2019-06-13 12:32:22'),
(58, 'Gnoll Defense', 1, 'medium', 2, 1, '12 gnoll witherlings', '2019-05-28 12:00:00', '2019-06-13 12:35:58'),
(59, 'Road to Visinth', 19, 'medium', 4, 0, 'hydra', '2019-05-28 12:00:00', '2019-06-13 12:46:21'),
(60, 'Your Turn', 12, 'hard', 4, 3, '2 \"corrupted thornies\", 21 \"corrupted vegepgmies\", \"demonic vegepgmy\"', '2019-06-02 12:00:00', '2019-06-13 12:54:14'),
(61, 'Bad Gardening', 19, 'hard', 4, 3, 'banshee, bodak, corpse flower, boneclaw', '2019-06-05 12:00:00', '2019-06-13 12:59:32'),
(62, 'Shadow of the Goblin King', 19, 'medium', 3, 3, '8 shadows, eidolon, boneclaw', '2019-06-08 12:00:00', '2019-06-13 13:02:47');

DROP TABLE IF EXISTS `session_characters`;
CREATE TABLE IF NOT EXISTS `session_characters` (
  `id` bigint(20) UNSIGNED NOT NULL AUTO_INCREMENT,
  `session_id` bigint(20) NOT NULL,
  `character_id` bigint(20) NOT NULL,
  `difficulty` enum('easy','role play','medium','hard','deadly') COLLATE utf8mb4_unicode_ci NOT NULL DEFAULT 'medium',
  `duration` int(11) NOT NULL DEFAULT '0',
  `encounters` int(11) NOT NULL DEFAULT '0',
  `experience` bigint(20) UNSIGNED NOT NULL DEFAULT '0',
  `gold` bigint(20) UNSIGNED NOT NULL DEFAULT '0',
  `note` varchar(191) COLLATE utf8mb4_unicode_ci DEFAULT NULL,
  `dm` tinyint(1) NOT NULL DEFAULT '0',
  `created_at` timestamp NULL DEFAULT NULL,
  `updated_at` timestamp NULL DEFAULT NULL,
  PRIMARY KEY (`id`),
  KEY `session_characters_session_id_foreign` (`session_id`),
  KEY `session_characters_character_id_foreign` (`character_id`)
) ENGINE=MyISAM AUTO_INCREMENT=380 DEFAULT CHARSET=utf8mb4 COLLATE=utf8mb4_unicode_ci;

INSERT INTO `session_characters` (`id`, `session_id`, `character_id`, `difficulty`, `duration`, `encounters`, `experience`, `gold`, `note`, `dm`, `created_at`, `updated_at`) VALUES
(1, 1, 2, 'hard', 3, 3, 900, 110, NULL, 0, '2019-02-17 09:00:00', '2019-06-13 01:24:41'),
(2, 1, 4, 'hard', 3, 3, 900, 110, NULL, 0, '2019-02-17 09:00:00', '2019-06-13 01:24:41'),
(3, 1, 5, 'hard', 3, 3, 900, 110, NULL, 0, '2019-02-17 09:00:00', '2019-06-13 01:24:41'),
(4, 1, 7, 'hard', 3, 3, 900, 110, NULL, 0, '2019-02-17 09:00:00', '2019-06-13 01:24:41'),
(5, 1, 6, 'hard', 3, 3, 900, 110, NULL, 0, '2019-02-17 09:00:00', '2019-06-13 01:24:41'),
(6, 1, 8, 'hard', 3, 3, 900, 110, NULL, 0, '2019-02-17 09:00:00', '2019-06-13 01:24:41'),
(7, 1, 1, 'medium', 3, 3, 525, 270, NULL, 1, '2019-02-17 09:00:00', '2019-06-13 01:24:42'),
(8, 2, 3, 'hard', 3, 3, 800, 1715, NULL, 0, '2019-02-22 09:00:00', '2019-06-13 01:53:21'),
(9, 2, 4, 'hard', 3, 3, 800, 1715, NULL, 0, '2019-02-22 09:00:00', '2019-06-13 01:53:21'),
(10, 2, 5, 'hard', 3, 3, 800, 1715, NULL, 0, '2019-02-22 09:00:00', '2019-06-13 01:53:21'),
(11, 2, 7, 'hard', 3, 3, 800, 1715, NULL, 0, '2019-02-22 09:00:00', '2019-06-13 01:53:21'),
(12, 2, 10, 'hard', 3, 3, 800, 1715, NULL, 0, '2019-02-22 09:00:00', '2019-06-13 01:53:21'),
(13, 2, 9, 'hard', 3, 3, 800, 1715, NULL, 0, '2019-02-22 09:00:00', '2019-06-13 01:53:21'),
(14, 2, 1, 'medium', 3, 3, 525, 270, NULL, 1, '2019-02-22 09:00:00', '2019-06-13 01:53:21'),
(15, 3, 2, 'hard', 3, 2, 600, 200, '2 vials of drow poison, 1 healing potion, 1 wisdom potion', 0, '2019-02-24 09:00:00', '2019-06-13 02:00:50'),
(16, 3, 3, 'hard', 3, 2, 600, 200, '2 vials of drow poison, 1 healing potion, 1 wisdom potion', 0, '2019-02-24 09:00:00', '2019-06-13 02:00:50'),
(17, 3, 4, 'hard', 3, 2, 600, 200, '2 vials of drow poison, 1 healing potion, 1 wisdom potion', 0, '2019-02-24 09:00:00', '2019-06-13 02:00:50'),
(18, 3, 17, 'hard', 3, 2, 600, 200, '1 vial of drow poison, 1 healing potion, 1 wisdom potion, 1 endless basket of bread', 0, '2019-02-24 09:00:00', '2019-06-13 02:00:50'),
(19, 3, 7, 'hard', 3, 2, 600, 200, '2 vials of drow poison, 1 healing potion, 1 wisdom potion', 0, '2019-02-24 09:00:00', '2019-06-13 02:00:50'),
(20, 3, 14, 'medium', 3, 3, 525, 270, NULL, 1, '2019-02-24 09:00:00', '2019-06-13 02:00:50'),
(21, 4, 10, 'hard', 3, 2, 637, 1125, NULL, 0, '2019-02-24 09:00:00', '2019-06-13 02:06:25'),
(22, 4, 11, 'hard', 3, 2, 637, 1125, '2 1st level spell scrolls', 0, '2019-02-24 09:00:00', '2019-06-13 02:06:25'),
(23, 4, 12, 'hard', 3, 2, 637, 1125, NULL, 0, '2019-02-24 09:00:00', '2019-06-13 02:06:25'),
(24, 4, 13, 'hard', 3, 2, 637, 1125, NULL, 0, '2019-02-24 09:00:00', '2019-06-13 02:06:25'),
(25, 4, 1, 'medium', 3, 3, 525, 270, NULL, 1, '2019-02-24 09:00:00', '2019-06-13 02:06:25'),
(26, 5, 3, 'deadly', 3, 1, 575, 0, 'ring of evasion', 0, '2019-03-01 09:00:00', '2019-06-13 02:14:09'),
(27, 5, 4, 'hard', 3, 1, 575, 0, NULL, 0, '2019-03-01 09:00:00', '2019-06-13 02:14:09'),
(28, 5, 5, 'hard', 3, 1, 575, 0, NULL, 0, '2019-03-01 09:00:00', '2019-06-13 02:14:09'),
(29, 5, 9, 'hard', 3, 1, 575, 0, NULL, 0, '2019-03-01 09:00:00', '2019-06-13 02:14:09'),
(30, 5, 1, 'medium', 3, 3, 525, 270, NULL, 1, '2019-03-01 09:00:00', '2019-06-13 02:14:09'),
(31, 6, 7, 'hard', 3, 4, 1375, 109, 'Extinguished portal gem, potion of climbing', 0, '2019-03-01 09:00:00', '2019-06-13 02:24:02'),
(32, 6, 10, 'hard', 3, 4, 1375, 109, 'Spell scroll of healing word', 0, '2019-03-01 09:00:00', '2019-06-13 02:24:02'),
(33, 6, 12, 'hard', 3, 4, 1375, 109, 'Potion of healing', 0, '2019-03-01 09:00:00', '2019-06-13 02:24:02'),
(34, 6, 15, 'hard', 3, 4, 1375, 109, 'Potion of healing', 0, '2019-03-01 09:00:00', '2019-06-13 02:24:02'),
(35, 6, 14, 'medium', 3, 3, 525, 270, NULL, 1, '2019-03-01 09:00:00', '2019-06-13 02:24:02'),
(36, 7, 3, 'hard', 2, 1, 800, 333, 'Potion of wisdom', 0, '2019-03-01 09:00:00', '2019-06-13 02:34:28'),
(37, 7, 5, 'hard', 2, 1, 800, 333, 'Potion of wisdom', 0, '2019-03-01 09:00:00', '2019-06-13 02:34:28'),
(38, 7, 7, 'hard', 2, 1, 800, 333, 'Potion of wisdom', 0, '2019-03-01 09:00:00', '2019-06-13 02:34:28'),
(39, 7, 10, 'hard', 2, 1, 800, 333, 'Potion of wisdom', 0, '2019-03-01 09:00:00', '2019-06-13 02:34:28'),
(40, 7, 12, 'hard', 2, 1, 800, 333, 'Potion of wisdom', 0, '2019-03-01 09:00:00', '2019-06-13 02:34:28'),
(41, 7, 15, 'hard', 2, 1, 800, 333, 'Potion of wisdom', 0, '2019-03-01 09:00:00', '2019-06-13 02:34:28'),
(42, 7, 4, 'hard', 1, 1, 300, 0, 'Potion of wisdom', 0, '2019-03-01 09:00:00', '2019-06-13 02:34:28'),
(43, 7, 1, 'medium', 3, 3, 525, 270, NULL, 1, '2019-03-01 09:00:00', '2019-06-13 02:34:28'),
(44, 8, 2, 'medium', 3, 3, 880, 360, NULL, 0, '2019-03-03 09:00:00', '2019-06-13 03:03:07'),
(45, 8, 4, 'medium', 3, 3, 880, 360, NULL, 0, '2019-03-03 09:00:00', '2019-06-13 03:03:07'),
(46, 8, 5, 'medium', 3, 3, 880, 360, NULL, 0, '2019-03-03 09:00:00', '2019-06-13 03:03:07'),
(47, 8, 10, 'medium', 3, 3, 880, 360, NULL, 0, '2019-03-03 09:00:00', '2019-06-13 03:03:07'),
(48, 8, 16, 'medium', 3, 3, 880, 360, NULL, 0, '2019-03-03 09:00:00', '2019-06-13 03:03:07'),
(49, 8, 53, 'medium', 3, 3, 880, 360, NULL, 0, '2019-03-03 09:00:00', '2019-06-13 03:03:07'),
(50, 8, 1, 'medium', 3, 3, 525, 270, NULL, 1, '2019-03-03 09:00:00', '2019-06-13 03:03:07'),
(51, 9, 3, 'deadly', 3, 1, 910, 1020, NULL, 0, '2019-03-03 09:00:00', '2019-06-13 03:07:45'),
(52, 9, 7, 'deadly', 3, 1, 910, 1020, NULL, 0, '2019-03-03 09:00:00', '2019-06-13 03:07:45'),
(53, 9, 12, 'deadly', 3, 1, 910, 1020, NULL, 0, '2019-03-03 09:00:00', '2019-06-13 03:07:45'),
(54, 9, 15, 'deadly', 3, 1, 910, 1020, NULL, 0, '2019-03-03 09:00:00', '2019-06-13 03:07:45'),
(55, 9, 18, 'deadly', 3, 1, 910, 1020, NULL, 0, '2019-03-03 09:00:00', '2019-06-13 03:07:45'),
(56, 9, 14, 'medium', 3, 3, 525, 270, NULL, 1, '2019-03-03 09:00:00', '2019-06-13 03:07:45'),
(57, 10, 18, 'hard', 3, 3, 800, 0, NULL, 0, '2019-06-12 12:00:00', '2019-06-13 03:15:00'),
(58, 10, 19, 'hard', 3, 3, 800, 0, NULL, 0, '2019-06-12 12:00:00', '2019-06-13 03:15:00'),
(59, 10, 1, 'medium', 3, 3, 525, 270, NULL, 1, '2019-06-12 12:00:00', '2019-06-13 03:15:00'),
(60, 11, 5, 'medium', 3, 1, 250, 0, NULL, 0, '2019-03-08 09:00:00', '2019-06-13 03:18:56'),
(61, 11, 10, 'medium', 3, 1, 250, 0, NULL, 0, '2019-03-08 09:00:00', '2019-06-13 03:18:56'),
(62, 11, 9, 'medium', 3, 1, 250, 0, NULL, 0, '2019-03-08 09:00:00', '2019-06-13 03:18:56'),
(63, 11, 16, 'medium', 3, 1, 250, 0, NULL, 0, '2019-03-08 09:00:00', '2019-06-13 03:18:56'),
(64, 11, 14, 'medium', 3, 3, 525, 270, NULL, 1, '2019-03-08 09:00:00', '2019-06-13 03:18:56'),
(65, 12, 4, 'medium', 3, 3, 880, 406, NULL, 0, '2019-03-10 09:00:00', '2019-06-13 03:27:46'),
(66, 12, 5, 'medium', 3, 3, 880, 406, 'Potion of healing', 0, '2019-03-10 09:00:00', '2019-06-13 03:27:46'),
(67, 12, 10, 'medium', 3, 3, 880, 406, NULL, 0, '2019-03-10 09:00:00', '2019-06-13 03:27:46'),
(68, 12, 12, 'medium', 3, 3, 880, 406, 'Potion of healing', 0, '2019-03-10 09:00:00', '2019-06-13 03:27:46'),
(69, 12, 20, 'medium', 3, 3, 880, 406, '+2 mace (bought)', 0, '2019-03-10 09:00:00', '2019-06-13 03:27:46'),
(70, 12, 1, 'medium', 3, 3, 825, 405, NULL, 1, '2019-03-10 09:00:00', '2019-06-13 03:27:46'),
(71, 13, 4, 'role play', 1, 0, 200, 0, NULL, 0, '2019-03-10 09:00:00', '2019-06-13 03:33:47'),
(72, 13, 5, 'role play', 1, 0, 200, 0, NULL, 0, '2019-03-10 09:00:00', '2019-06-13 03:33:47'),
(73, 13, 10, 'role play', 1, 0, 200, 0, NULL, 0, '2019-03-10 09:00:00', '2019-06-13 03:33:47'),
(74, 13, 12, 'role play', 1, 0, 200, 0, NULL, 0, '2019-03-10 09:00:00', '2019-06-13 03:33:47'),
(75, 13, 21, 'role play', 1, 0, 200, 0, NULL, 0, '2019-03-10 09:00:00', '2019-06-13 03:33:47'),
(76, 13, 16, 'role play', 1, 0, 200, 0, NULL, 0, '2019-03-10 09:00:00', '2019-06-13 03:33:47'),
(77, 14, 5, 'role play', 1, 0, 200, 0, NULL, 0, '2019-03-11 09:00:00', '2019-06-13 03:37:01'),
(78, 14, 12, 'role play', 1, 0, 200, 0, NULL, 0, '2019-03-11 09:00:00', '2019-06-13 03:37:01'),
(79, 14, 20, 'role play', 1, 0, 200, 0, NULL, 0, '2019-03-11 09:00:00', '2019-06-13 03:37:01'),
(80, 14, 22, 'role play', 1, 0, 200, 0, NULL, 0, '2019-03-11 09:00:00', '2019-06-13 03:37:01'),
(81, 15, 25, 'medium', 3, 3, 576, 180, NULL, 0, '2019-03-11 09:00:00', '2019-06-13 03:41:58'),
(82, 15, 26, 'medium', 3, 3, 576, 180, NULL, 0, '2019-03-11 09:00:00', '2019-06-13 03:41:58'),
(83, 15, 24, 'medium', 3, 3, 576, 180, NULL, 0, '2019-03-11 09:00:00', '2019-06-13 03:41:58'),
(84, 15, 23, 'medium', 3, 3, 576, 180, NULL, 0, '2019-03-11 09:00:00', '2019-06-13 03:41:58'),
(85, 15, 10, 'medium', 3, 3, 1350, 608, NULL, 1, '2019-03-11 09:00:00', '2019-06-13 03:41:58'),
(86, 16, 25, 'hard', 3, 3, 367, 17, NULL, 0, '2019-06-12 12:00:00', '2019-06-13 03:48:08'),
(87, 16, 24, 'hard', 3, 3, 367, 17, NULL, 0, '2019-06-12 12:00:00', '2019-06-13 03:48:08'),
(88, 16, 28, 'hard', 3, 3, 367, 17, NULL, 0, '2019-06-12 12:00:00', '2019-06-13 03:48:08'),
(89, 16, 27, 'hard', 3, 3, 367, 17, 'death', 0, '2019-06-12 12:00:00', '2019-06-13 03:48:08'),
(90, 16, 46, 'medium', 3, 3, 525, 270, NULL, 1, '2019-06-12 12:00:00', '2019-06-13 03:48:08'),
(91, 17, 3, 'deadly', 3, 1, 5000, 0, NULL, 0, '2019-03-15 09:00:00', '2019-06-13 03:53:49'),
(92, 17, 4, 'deadly', 3, 1, 5000, 0, NULL, 0, '2019-03-15 09:00:00', '2019-06-13 03:53:49'),
(93, 17, 5, 'deadly', 3, 1, 5000, 0, NULL, 0, '2019-03-15 09:00:00', '2019-06-13 03:53:49'),
(94, 17, 7, 'deadly', 3, 1, 5000, 0, NULL, 0, '2019-03-15 09:00:00', '2019-06-13 03:53:49'),
(95, 17, 11, 'deadly', 3, 1, 0, 0, 'death', 0, '2019-03-15 09:00:00', '2019-06-13 03:53:49'),
(96, 17, 23, 'deadly', 3, 1, 5000, 0, NULL, 0, '2019-03-15 09:00:00', '2019-06-13 03:53:49'),
(97, 17, 29, 'deadly', 3, 1, 5000, 0, 'caemyn transfered xp to this character', 0, '2019-03-15 09:00:00', '2019-06-13 03:53:49'),
(98, 17, 14, 'medium', 3, 3, 525, 270, NULL, 1, '2019-03-15 09:00:00', '2019-06-13 03:53:49'),
(99, 18, 22, 'medium', 3, 3, 600, 1550, NULL, 0, '2019-03-15 09:00:00', '2019-06-13 04:01:45'),
(100, 18, 20, 'medium', 3, 3, 600, 550, '+1 warpick', 0, '2019-03-15 09:00:00', '2019-06-13 04:01:45'),
(101, 18, 30, 'medium', 3, 3, 600, 1550, NULL, 0, '2019-03-15 09:00:00', '2019-06-13 04:01:45'),
(102, 18, 31, 'medium', 3, 3, 600, 1550, NULL, 0, '2019-03-15 09:00:00', '2019-06-13 04:01:45'),
(103, 18, 2, 'medium', 3, 3, 525, 270, NULL, 1, '2019-03-15 09:00:00', '2019-06-13 04:01:45'),
(104, 19, 53, 'medium', 3, 2, 500, 645, NULL, 0, '2019-03-17 09:00:00', '2019-06-13 04:10:45'),
(105, 19, 5, 'medium', 3, 2, 500, 645, 'Potion of growth', 0, '2019-03-17 09:00:00', '2019-06-13 04:10:45'),
(106, 19, 12, 'medium', 3, 2, 500, 645, 'Bag of holding', 0, '2019-03-17 09:00:00', '2019-06-13 04:10:45'),
(107, 19, 32, 'medium', 3, 2, 500, 645, NULL, 0, '2019-03-17 09:00:00', '2019-06-13 04:10:45'),
(108, 19, 33, 'medium', 3, 2, 500, 645, 'Spell scroll', 0, '2019-03-17 09:00:00', '2019-06-13 04:10:45'),
(109, 19, 7, 'medium', 3, 1, 250, 645, 'Helm of comprehend languages', 0, '2019-03-17 09:00:00', '2019-06-13 04:10:45'),
(110, 19, 18, 'medium', 3, 1, 250, 645, NULL, 0, '2019-03-17 09:00:00', '2019-06-13 04:10:45'),
(111, 19, 1, 'medium', 3, 3, 825, 405, NULL, 1, '2019-03-17 09:00:00', '2019-06-13 04:10:45'),
(112, 20, 25, 'medium', 3, 3, 320, 0, 'pet allosaurus', 0, '2019-06-12 12:00:00', '2019-06-13 04:16:12'),
(113, 20, 28, 'medium', 3, 3, 320, 0, NULL, 0, '2019-06-12 12:00:00', '2019-06-13 04:16:12'),
(114, 20, 24, 'medium', 3, 3, 320, 0, NULL, 0, '2019-06-12 12:00:00', '2019-06-13 04:16:12'),
(115, 20, 35, 'medium', 3, 3, 320, 0, NULL, 0, '2019-06-12 12:00:00', '2019-06-13 04:16:12'),
(116, 20, 34, 'medium', 3, 3, 320, 0, NULL, 0, '2019-06-12 12:00:00', '2019-06-13 04:16:12'),
(117, 20, 44, 'medium', 3, 3, 525, 270, NULL, 1, '2019-06-12 12:00:00', '2019-06-13 04:16:12'),
(118, 21, 9, 'medium', 3, 2, 600, 1232, 'Bracers of defense, Satchel of black powder, Potion of healing', 0, '2019-03-22 09:00:00', '2019-06-13 04:25:05'),
(119, 21, 12, 'medium', 3, 2, 600, 1232, 'Potion of healing', 0, '2019-03-22 09:00:00', '2019-06-13 04:25:05'),
(120, 21, 13, 'medium', 3, 2, 600, 1232, NULL, 0, '2019-03-22 09:00:00', '2019-06-13 04:25:05'),
(121, 21, 29, 'medium', 3, 2, 600, 1232, 'Blade whip, Potion of healing', 0, '2019-03-22 09:00:00', '2019-06-13 04:25:05'),
(122, 21, 18, 'medium', 3, 2, 600, 1232, '2 Satchels of black powder, stone tablet', 0, '2019-03-22 09:00:00', '2019-06-13 04:25:05'),
(123, 21, 23, 'medium', 3, 2, 600, 1232, NULL, 0, '2019-03-22 09:00:00', '2019-06-13 04:25:05'),
(124, 21, 31, 'medium', 3, 2, 600, 1232, NULL, 0, '2019-03-22 09:00:00', '2019-06-13 04:25:05'),
(125, 21, 36, 'medium', 3, 2, 600, 1232, NULL, 0, '2019-03-22 09:00:00', '2019-06-13 04:25:05'),
(126, 21, 34, 'medium', 3, 2, 600, 1232, NULL, 0, '2019-03-22 09:00:00', '2019-06-13 04:25:05'),
(127, 21, 46, 'medium', 3, 3, 525, 270, NULL, 1, '2019-03-22 09:00:00', '2019-06-13 04:25:05'),
(128, 22, 4, 'hard', 3, 3, 880, 185, NULL, 0, '2019-03-24 09:00:00', '2019-06-13 04:29:49'),
(129, 22, 17, 'hard', 3, 3, 880, 185, 'Gems', 0, '2019-03-24 09:00:00', '2019-06-13 04:29:49'),
(130, 22, 18, 'hard', 3, 3, 880, 185, 'Pearl of Power', 0, '2019-03-24 09:00:00', '2019-06-13 04:29:49'),
(131, 22, 23, 'hard', 3, 3, 880, 185, NULL, 0, '2019-03-24 09:00:00', '2019-06-13 04:29:49'),
(132, 22, 34, 'hard', 3, 3, 880, 185, NULL, 0, '2019-03-24 09:00:00', '2019-06-13 04:29:49'),
(133, 22, 1, 'medium', 3, 3, 825, 405, NULL, 1, '2019-03-24 09:00:00', '2019-06-13 04:29:49'),
(134, 23, 7, 'medium', 3, 3, 850, 548, 'Scroll of healing word', 0, '2019-03-26 09:00:00', '2019-06-13 04:38:32'),
(135, 23, 12, 'medium', 3, 3, 850, 548, 'Potion of healing, Boom axes, Training dummies, 3 Orks (Garagek, Gregek, Goregek)', 0, '2019-03-26 09:00:00', '2019-06-13 04:38:32'),
(136, 23, 18, 'medium', 3, 3, 850, 548, NULL, 0, '2019-03-26 09:00:00', '2019-06-13 04:38:32'),
(137, 23, 23, 'medium', 3, 3, 850, 548, NULL, 0, '2019-03-26 09:00:00', '2019-06-13 04:38:32'),
(138, 23, 34, 'medium', 3, 3, 850, 548, 'Potion of healing', 0, '2019-03-26 09:00:00', '2019-06-13 04:38:32'),
(139, 23, 44, 'medium', 3, 3, 525, 270, NULL, 1, '2019-03-26 09:00:00', '2019-06-13 04:38:32'),
(140, 24, 17, 'hard', 4, 4, 1885, 912, 'Potion of healing, Scroll of restoration, Scroll of false life', 0, '2019-03-29 09:00:00', '2019-06-13 04:54:34'),
(141, 24, 9, 'hard', 4, 4, 1885, 912, 'Potion of healing', 0, '2019-03-29 09:00:00', '2019-06-13 04:54:34'),
(142, 24, 18, 'hard', 4, 4, 1885, 912, 'Potion of healing', 0, '2019-03-29 09:00:00', '2019-06-13 04:54:34'),
(143, 24, 34, 'hard', 4, 4, 1885, 912, NULL, 0, '2019-03-29 09:00:00', '2019-06-13 04:54:34'),
(144, 24, 36, 'hard', 4, 4, 1885, 912, NULL, 0, '2019-03-29 09:00:00', '2019-06-13 04:54:34'),
(145, 24, 12, 'hard', 4, 1, 1240, 0, 'Potion of healing', 0, '2019-03-29 09:00:00', '2019-06-13 04:54:34'),
(146, 24, 10, 'hard', 4, 1, 425, 40, NULL, 0, '2019-03-29 09:00:00', '2019-06-13 04:54:34'),
(147, 24, 50, 'medium', 4, 3, 525, 270, NULL, 1, '2019-03-29 09:00:00', '2019-06-13 04:54:34'),
(148, 25, 17, 'deadly', 3, 2, 1560, 1644, NULL, 0, '2019-03-31 09:00:00', '2019-06-13 04:58:02'),
(149, 25, 7, 'deadly', 3, 2, 1560, 1644, NULL, 0, '2019-03-31 09:00:00', '2019-06-13 04:58:02'),
(150, 25, 12, 'deadly', 3, 2, 1560, 1644, NULL, 0, '2019-03-31 09:00:00', '2019-06-13 04:58:02'),
(151, 25, 13, 'deadly', 3, 2, 1560, 1644, NULL, 0, '2019-03-31 09:00:00', '2019-06-13 04:58:02'),
(152, 25, 23, 'deadly', 3, 2, 1560, 1644, NULL, 0, '2019-03-31 09:00:00', '2019-06-13 04:58:02'),
(153, 25, 34, 'deadly', 3, 2, 1560, 1644, NULL, 0, '2019-03-31 09:00:00', '2019-06-13 04:58:02'),
(154, 25, 1, 'medium', 3, 3, 825, 405, NULL, 1, '2019-03-31 09:00:00', '2019-06-13 04:58:02'),
(155, 26, 4, 'deadly', 5, 6, 660, 779, 'Jewelry box made of silver with gold filigree (100gp), gold ring (25gp)', 0, '2019-04-02 09:00:00', '2019-06-13 05:15:30'),
(156, 26, 17, 'deadly', 12, 12, 2323, 1029, 'Adamantine plate, Scroll of protection from poison, 4 Gems 50gp each', 0, '2019-04-02 09:00:00', '2019-06-13 05:15:30'),
(157, 26, 7, 'deadly', 12, 12, 2823, 1029, NULL, 0, '2019-04-02 09:00:00', '2019-06-13 05:15:30'),
(158, 26, 12, 'deadly', 5, 4, 1713, 1029, 'Potion of vitality, Crystal orb spellfocus, Spellbook', 0, '2019-04-02 09:00:00', '2019-06-13 05:15:30'),
(159, 26, 23, 'deadly', 6, 7, 785, 0, 'Death', 0, '2019-04-02 09:00:00', '2019-06-13 05:15:30'),
(160, 26, 34, 'deadly', 7, 8, 2448, 1029, 'Death', 0, '2019-04-02 09:00:00', '2019-06-13 05:15:30'),
(161, 26, 37, 'medium', 3, 3, 1208, 621, NULL, 1, '2019-04-02 09:00:00', '2019-06-13 05:15:30'),
(162, 27, 5, 'medium', 3, 3, 1100, 719, 'Bag of tricks', 0, '2019-04-05 09:00:00', '2019-06-13 09:32:11'),
(163, 27, 13, 'medium', 3, 3, 1100, 719, NULL, 0, '2019-04-05 09:00:00', '2019-06-13 09:32:11'),
(164, 27, 18, 'medium', 3, 3, 1100, 719, 'Wand of web', 0, '2019-04-05 09:00:00', '2019-06-13 09:32:11'),
(165, 27, 29, 'medium', 3, 3, 1100, 719, NULL, 0, '2019-04-05 09:00:00', '2019-06-13 09:32:11'),
(166, 27, 31, 'medium', 3, 3, 1100, 719, NULL, 0, '2019-04-05 09:00:00', '2019-06-13 09:32:11'),
(167, 27, 38, 'medium', 3, 3, 1100, 719, NULL, 0, '2019-04-05 09:00:00', '2019-06-13 09:32:11'),
(168, 27, 1, 'medium', 3, 3, 1350, 608, NULL, 1, '2019-04-05 09:00:00', '2019-06-13 09:32:11'),
(169, 28, 53, 'hard', 3, 1, 837, 0, 'Good food for 2 months', 0, '2019-04-06 11:00:00', '2019-06-13 09:40:16'),
(170, 28, 26, 'hard', 3, 1, 837, 0, 'Wand of the warmage, various spell scrolls', 0, '2019-04-06 11:00:00', '2019-06-13 09:40:16'),
(171, 28, 28, 'hard', 3, 1, 837, 0, 'Saddle of the cavailer', 0, '2019-04-06 11:00:00', '2019-06-13 09:40:16'),
(172, 28, 39, 'hard', 3, 1, 837, 0, 'Eagle figurine, Diamond 1000gp', 0, '2019-04-06 11:00:00', '2019-06-13 09:40:16'),
(173, 28, 51, 'medium', 3, 3, 525, 270, NULL, 1, '2019-04-06 11:00:00', '2019-06-13 09:40:16'),
(174, 29, 26, 'medium', 3, 3, 950, 500, NULL, 0, '2019-04-07 12:00:00', '2019-06-13 09:47:59'),
(175, 29, 18, 'medium', 3, 3, 950, 500, NULL, 0, '2019-04-07 12:00:00', '2019-06-13 09:47:59'),
(176, 29, 40, 'medium', 3, 3, 950, 500, NULL, 0, '2019-04-07 12:00:00', '2019-06-13 09:47:59'),
(177, 29, 39, 'medium', 3, 3, 950, 500, NULL, 0, '2019-04-07 12:00:00', '2019-06-13 09:47:59'),
(178, 29, 1, 'medium', 3, 3, 1350, 608, NULL, 1, '2019-04-07 12:00:00', '2019-06-13 09:47:59'),
(179, 30, 17, 'hard', 3, 2, 1010, 0, NULL, 0, '2019-04-08 12:00:00', '2019-06-13 09:53:48'),
(180, 30, 7, 'hard', 3, 2, 1010, 0, NULL, 0, '2019-04-08 12:00:00', '2019-06-13 09:53:48'),
(181, 30, 13, 'hard', 3, 2, 1010, 0, NULL, 0, '2019-04-08 12:00:00', '2019-06-13 09:53:48'),
(182, 30, 32, 'hard', 3, 2, 1010, 0, NULL, 0, '2019-04-08 12:00:00', '2019-06-13 09:53:48'),
(183, 30, 39, 'hard', 3, 2, 1010, 0, NULL, 0, '2019-04-08 12:00:00', '2019-06-13 09:53:48'),
(184, 30, 37, 'medium', 3, 3, 525, 270, NULL, 1, '2019-04-08 12:00:00', '2019-06-13 09:53:48'),
(185, 31, 4, 'deadly', 3, 3, 4675, 1186, 'Ancient black dragon leather, Chain whip, Shadar-kai (Ebal)', 0, '2019-04-09 12:00:00', '2019-06-13 09:58:52'),
(186, 31, 12, 'deadly', 3, 3, 4675, 1186, 'Keg of dwarven ale, Shadar-kai (Lobe)', 0, '2019-04-09 12:00:00', '2019-06-13 09:58:52'),
(187, 31, 13, 'deadly', 3, 3, 4675, 1186, NULL, 0, '2019-04-09 12:00:00', '2019-06-13 09:58:52'),
(188, 31, 39, 'deadly', 3, 3, 4675, 1186, 'Ancient black dragon scales', 0, '2019-04-09 12:00:00', '2019-06-13 09:58:52'),
(189, 31, 50, 'deadly', 3, 3, 525, 270, NULL, 1, '2019-04-09 12:00:00', '2019-06-13 09:58:52'),
(190, 32, 4, 'medium', 3, 3, 730, 561, 'Feathered mask (25gp)', 0, '2019-04-12 12:00:00', '2019-06-13 10:07:39'),
(191, 32, 32, 'medium', 3, 3, 730, 561, NULL, 0, '2019-04-12 12:00:00', '2019-06-13 10:07:39'),
(192, 32, 42, 'medium', 3, 3, 730, 561, NULL, 0, '2019-04-12 12:00:00', '2019-06-13 10:07:39'),
(193, 32, 39, 'medium', 3, 3, 730, 561, 'Saber tooth tiger', 0, '2019-04-12 12:00:00', '2019-06-13 10:07:39'),
(194, 32, 41, 'medium', 3, 3, 730, 561, 'Drift globe', 0, '2019-04-12 12:00:00', '2019-06-13 10:07:39'),
(195, 32, 1, 'medium', 3, 3, 1350, 608, NULL, 1, '2019-04-12 12:00:00', '2019-06-13 10:07:39'),
(196, 33, 53, 'role play', 3, 0, 550, 200, NULL, 0, '2019-04-14 12:00:00', '2019-06-13 10:12:06'),
(197, 33, 29, 'role play', 3, 0, 550, 200, NULL, 0, '2019-04-14 12:00:00', '2019-06-13 10:12:06'),
(198, 33, 13, 'role play', 3, 0, 550, 200, NULL, 0, '2019-04-14 12:00:00', '2019-06-13 10:12:06'),
(199, 33, 34, 'role play', 3, 0, 550, 200, NULL, 0, '2019-04-14 12:00:00', '2019-06-13 10:12:06'),
(200, 33, 51, 'medium', 3, 3, 525, 270, NULL, 1, '2019-04-14 12:00:00', '2019-06-13 10:12:06'),
(201, 34, 1, 'medium', 3, 3, 360, 0, NULL, 0, '2019-04-18 12:00:00', '2019-06-13 10:16:32'),
(202, 34, 40, 'medium', 3, 3, 360, 0, NULL, 0, '2019-04-18 12:00:00', '2019-06-13 10:16:32'),
(203, 34, 37, 'medium', 3, 3, 525, 270, NULL, 1, '2019-04-18 12:00:00', '2019-06-13 10:16:32'),
(204, 35, 2, 'hard', 3, 3, 1160, 740, 'Potion of healing', 0, '2019-04-19 12:00:00', '2019-06-13 10:21:33'),
(205, 35, 53, 'hard', 3, 3, 1160, 740, 'Potion of healing', 0, '2019-04-19 12:00:00', '2019-06-13 10:21:33'),
(206, 35, 26, 'hard', 3, 3, 1160, 740, 'Spell scroll chromatic orb', 0, '2019-04-19 12:00:00', '2019-06-13 10:21:33'),
(207, 35, 43, 'hard', 3, 3, 1160, 740, NULL, 0, '2019-04-19 12:00:00', '2019-06-13 10:21:33'),
(208, 35, 31, 'hard', 3, 3, 1160, 740, 'Potion of climbing', 0, '2019-04-19 12:00:00', '2019-06-13 10:21:33'),
(209, 35, 1, 'medium', 3, 3, 1350, 608, NULL, 1, '2019-04-19 12:00:00', '2019-06-13 10:21:33'),
(210, 36, 2, 'deadly', 3, 3, 2020, 320, NULL, 0, '2019-04-21 12:00:00', '2019-06-13 10:26:47'),
(211, 36, 44, 'deadly', 3, 3, 2020, 320, NULL, 0, '2019-04-21 12:00:00', '2019-06-13 10:26:47'),
(212, 36, 7, 'deadly', 3, 3, 2020, 320, NULL, 0, '2019-04-21 12:00:00', '2019-06-13 10:26:47'),
(213, 36, 39, 'deadly', 3, 3, 2020, 320, NULL, 0, '2019-04-21 12:00:00', '2019-06-13 10:26:47'),
(214, 36, 43, 'deadly', 3, 3, 2020, 320, NULL, 0, '2019-04-21 12:00:00', '2019-06-13 10:26:47'),
(215, 36, 1, 'medium', 3, 3, 1350, 608, NULL, 1, '2019-04-21 12:00:00', '2019-06-13 10:26:47'),
(216, 37, 53, 'hard', 2, 1, 452, 0, 'Death (chose not to be reincarnated as a Goliath)', 0, '2019-04-22 12:00:00', '2019-06-13 10:31:24'),
(217, 37, 43, 'hard', 3, 2, 927, 0, 'Ironwood armour', 0, '2019-04-22 12:00:00', '2019-06-13 10:31:24'),
(218, 37, 39, 'hard', 3, 2, 927, 0, 'Star sapphire (1950gp)', 0, '2019-04-22 12:00:00', '2019-06-13 10:31:24'),
(219, 37, 37, 'medium', 3, 3, 525, 270, NULL, 1, '2019-04-22 12:00:00', '2019-06-13 10:31:24'),
(220, 38, 2, 'hard', 3, 4, 1800, 720, NULL, 0, '2019-04-23 12:00:00', '2019-06-13 10:37:49'),
(221, 38, 4, 'hard', 3, 4, 1800, 720, NULL, 0, '2019-04-23 12:00:00', '2019-06-13 10:37:49'),
(222, 38, 45, 'hard', 3, 4, 1800, 720, NULL, 0, '2019-04-23 12:00:00', '2019-06-13 10:37:49'),
(223, 38, 12, 'hard', 3, 4, 1800, 720, NULL, 0, '2019-04-23 12:00:00', '2019-06-13 10:37:49'),
(224, 38, 43, 'hard', 3, 4, 1800, 720, NULL, 0, '2019-04-23 12:00:00', '2019-06-13 10:37:49'),
(225, 38, 39, 'hard', 3, 4, 1800, 720, NULL, 0, '2019-04-23 12:00:00', '2019-06-13 10:37:49'),
(226, 38, 1, 'medium', 3, 3, 1350, 608, NULL, 1, '2019-04-23 12:00:00', '2019-06-13 10:37:49'),
(227, 39, 2, 'medium', 2, 1, 1000, 0, NULL, 0, '2019-04-24 12:00:00', '2019-06-13 10:42:14'),
(228, 39, 45, 'medium', 2, 1, 1000, 0, NULL, 0, '2019-04-24 12:00:00', '2019-06-13 10:42:14'),
(229, 39, 12, 'medium', 2, 1, 1000, 0, NULL, 0, '2019-04-24 12:00:00', '2019-06-13 10:42:14'),
(230, 39, 43, 'medium', 2, 1, 1000, 0, NULL, 0, '2019-04-24 12:00:00', '2019-06-13 10:42:14'),
(231, 39, 39, 'medium', 2, 1, 1000, 0, NULL, 0, '2019-04-24 12:00:00', '2019-06-13 10:42:14'),
(232, 39, 5, 'medium', 2, 1, 0, 0, NULL, 0, '2019-04-24 12:00:00', '2019-06-13 10:42:14'),
(233, 39, 17, 'medium', 2, 1, 0, 0, NULL, 0, '2019-04-24 12:00:00', '2019-06-13 10:42:14'),
(234, 39, 32, 'medium', 2, 1, 0, 0, NULL, 0, '2019-04-24 12:00:00', '2019-06-13 10:42:14'),
(235, 39, 34, 'medium', 2, 1, 0, 0, NULL, 0, '2019-04-24 12:00:00', '2019-06-13 10:42:14'),
(236, 39, 1, 'medium', 3, 3, 1725, 912, NULL, 1, '2019-04-24 12:00:00', '2019-06-13 10:42:14'),
(237, 40, 2, 'medium', 3, 3, 1388, 912, 'Ioun stone of protection', 0, '2019-04-24 12:00:00', '2019-06-13 10:49:54'),
(238, 40, 45, 'medium', 3, 3, 1388, 608, NULL, 0, '2019-04-24 12:00:00', '2019-06-13 10:49:54'),
(239, 40, 12, 'medium', 3, 2, 1238, 912, NULL, 0, '2019-04-24 12:00:00', '2019-06-13 10:49:54'),
(240, 40, 43, 'medium', 3, 1, 188, 608, 'Not dying', 0, '2019-04-24 12:00:00', '2019-06-13 10:49:54'),
(241, 40, 37, 'medium', 3, 3, 825, 405, NULL, 1, '2019-04-24 12:00:00', '2019-06-13 10:49:54'),
(242, 41, 2, 'role play', 3, 0, 1240, 912, NULL, 0, '2019-04-26 12:00:00', '2019-06-13 10:54:41'),
(243, 41, 3, 'role play', 3, 0, 1240, 912, '9 Goblins', 0, '2019-04-26 12:00:00', '2019-06-13 10:54:41'),
(244, 41, 4, 'role play', 3, 0, 1240, 1368, NULL, 0, '2019-04-26 12:00:00', '2019-06-13 10:54:41'),
(245, 41, 5, 'role play', 3, 0, 1240, 1368, 'Magical doorknob', 0, '2019-04-26 12:00:00', '2019-06-13 10:54:41'),
(246, 41, 39, 'role play', 3, 0, 1240, 1368, NULL, 0, '2019-04-26 12:00:00', '2019-06-13 10:54:41'),
(247, 41, 50, 'medium', 3, 3, 525, 270, NULL, 1, '2019-04-26 12:00:00', '2019-06-13 10:54:41'),
(248, 42, 4, 'medium', 4, 3, 1417, 1778, NULL, 0, '2019-04-28 12:00:00', '2019-06-13 11:01:33'),
(249, 42, 5, 'medium', 4, 3, 1417, 1186, NULL, 0, '2019-04-28 12:00:00', '2019-06-13 11:01:33'),
(250, 42, 7, 'medium', 4, 3, 1417, 1778, NULL, 0, '2019-04-28 12:00:00', '2019-06-13 11:01:33'),
(251, 42, 12, 'medium', 4, 3, 1417, 1186, '3 Plate armour', 0, '2019-04-28 12:00:00', '2019-06-13 11:01:33'),
(252, 42, 43, 'medium', 4, 3, 1417, 790, NULL, 0, '2019-04-28 12:00:00', '2019-06-13 11:01:33'),
(253, 42, 39, 'medium', 4, 3, 1417, 1186, NULL, 0, '2019-04-28 12:00:00', '2019-06-13 11:01:33'),
(254, 42, 1, 'medium', 3, 4, 2243, 1186, NULL, 1, '2019-04-28 12:00:00', '2019-06-13 11:01:33'),
(255, 43, 3, 'hard', 4, 2, 940, 1778, NULL, 0, '2019-06-12 12:00:00', '2019-06-13 11:06:41'),
(256, 43, 5, 'hard', 4, 2, 940, 1778, NULL, 0, '2019-06-12 12:00:00', '2019-06-13 11:06:41'),
(257, 43, 7, 'hard', 4, 2, 940, 2668, NULL, 0, '2019-06-12 12:00:00', '2019-06-13 11:06:41'),
(258, 43, 12, 'hard', 4, 2, 940, 2668, NULL, 0, '2019-06-12 12:00:00', '2019-06-13 11:06:41'),
(259, 43, 39, 'hard', 4, 2, 940, 1778, 'Gulthias staff', 0, '2019-06-12 12:00:00', '2019-06-13 11:06:41'),
(260, 43, 51, 'medium', 3, 3, 683, 351, NULL, 1, '2019-06-12 12:00:00', '2019-06-13 11:06:41'),
(261, 44, 2, 'hard', 5, 3, 978, 912, NULL, 0, '2019-05-02 12:00:00', '2019-06-13 11:16:35'),
(262, 44, 48, 'hard', 5, 3, 978, 608, NULL, 0, '2019-05-02 12:00:00', '2019-06-13 11:16:35'),
(263, 44, 7, 'hard', 5, 3, 978, 2052, NULL, 0, '2019-05-02 12:00:00', '2019-06-13 11:16:35'),
(264, 44, 20, 'hard', 5, 3, 978, 405, NULL, 0, '2019-05-02 12:00:00', '2019-06-13 11:16:35'),
(265, 44, 43, 'hard', 5, 3, 978, 912, NULL, 0, '2019-05-02 12:00:00', '2019-06-13 11:16:35'),
(266, 44, 5, 'role play', 1, 0, 173, 0, 'Removed two curses', 0, '2019-05-02 12:00:00', '2019-06-13 11:16:35'),
(267, 44, 37, 'medium', 3, 3, 1238, 608, NULL, 1, '2019-05-02 12:00:00', '2019-06-13 11:16:35'),
(268, 45, 48, 'medium', 3, 2, 380, 270, NULL, 0, '2019-05-03 12:00:00', '2019-06-13 11:20:11'),
(269, 45, 47, 'medium', 3, 2, 380, 405, NULL, 0, '2019-05-03 12:00:00', '2019-06-13 11:20:11'),
(270, 45, 46, 'medium', 3, 2, 380, 270, NULL, 0, '2019-05-03 12:00:00', '2019-06-13 11:20:11'),
(271, 45, 20, 'medium', 3, 2, 380, 408, NULL, 0, '2019-05-03 12:00:00', '2019-06-13 11:20:11'),
(272, 45, 39, 'medium', 3, 2, 380, 912, NULL, 0, '2019-05-03 12:00:00', '2019-06-13 11:20:11'),
(273, 45, 51, 'medium', 3, 3, 525, 270, NULL, 1, '2019-05-03 12:00:00', '2019-06-13 11:20:11'),
(274, 46, 48, 'hard', 3, 4, 1583, 105, NULL, 0, '2019-05-03 12:00:00', '2019-06-13 11:25:07'),
(275, 46, 47, 'hard', 3, 4, 1583, 308, NULL, 0, '2019-05-03 12:00:00', '2019-06-13 11:25:07'),
(276, 46, 46, 'hard', 3, 4, 1583, 405, 'Death', 0, '2019-05-03 12:00:00', '2019-06-13 11:25:07'),
(277, 46, 20, 'hard', 3, 4, 1583, 608, NULL, 0, '2019-05-03 12:00:00', '2019-06-13 11:25:07'),
(278, 46, 32, 'hard', 3, 4, 1583, 405, NULL, 0, '2019-05-03 12:00:00', '2019-06-13 11:25:07'),
(279, 46, 39, 'hard', 3, 4, 1583, 1368, NULL, 0, '2019-05-03 12:00:00', '2019-06-13 11:25:07'),
(280, 46, 1, 'medium', 3, 3, 1725, 912, NULL, 1, '2019-05-03 12:00:00', '2019-06-13 11:25:07'),
(281, 47, 2, 'hard', 3, 2, 630, 912, NULL, 0, '2019-05-07 12:00:00', '2019-06-13 11:33:11'),
(282, 47, 47, 'hard', 3, 2, 630, 608, NULL, 0, '2019-05-07 12:00:00', '2019-06-13 11:33:11'),
(283, 47, 20, 'hard', 3, 2, 630, 608, NULL, 0, '2019-05-07 12:00:00', '2019-06-13 11:33:11'),
(284, 47, 23, 'hard', 3, 2, 630, 912, NULL, 0, '2019-05-07 12:00:00', '2019-06-13 11:33:11'),
(285, 47, 34, 'hard', 3, 2, 630, 912, NULL, 0, '2019-05-07 12:00:00', '2019-06-13 11:33:11'),
(286, 47, 37, 'medium', 3, 3, 825, 405, NULL, 1, '2019-05-07 12:00:00', '2019-06-13 11:33:11'),
(287, 48, 3, 'hard', 3, 2, 1900, 0, NULL, 0, '2019-05-07 12:00:00', '2019-06-13 11:37:58'),
(288, 48, 12, 'hard', 3, 2, 1900, 0, '2 Breastplate', 0, '2019-05-07 12:00:00', '2019-06-13 11:37:58'),
(289, 48, 20, 'hard', 3, 2, 1900, 0, NULL, 0, '2019-05-07 12:00:00', '2019-06-13 11:37:58'),
(290, 48, 34, 'hard', 3, 2, 1900, 0, NULL, 0, '2019-05-07 12:00:00', '2019-06-13 11:37:58'),
(291, 48, 23, 'medium', 3, 3, 1350, 608, NULL, 1, '2019-05-07 12:00:00', '2019-06-13 11:37:58'),
(292, 49, 2, 'hard', 4, 3, 2080, 1778, NULL, 0, '2019-05-10 12:00:00', '2019-06-13 11:43:50'),
(293, 49, 3, 'hard', 4, 3, 2080, 1778, NULL, 0, '2019-05-10 12:00:00', '2019-06-13 11:43:50'),
(294, 49, 20, 'hard', 4, 3, 2080, 1186, NULL, 0, '2019-05-10 12:00:00', '2019-06-13 11:43:50'),
(295, 49, 43, 'hard', 4, 3, 2080, 1186, NULL, 0, '2019-05-10 12:00:00', '2019-06-13 11:43:50'),
(296, 49, 39, 'hard', 4, 3, 2080, 1778, NULL, 0, '2019-05-10 12:00:00', '2019-06-13 11:43:50'),
(297, 49, 1, 'hard', 4, 3, 2243, 1186, NULL, 1, '2019-05-10 12:00:00', '2019-06-13 11:43:50'),
(298, 50, 48, 'medium', 2, 2, 1200, 0, NULL, 0, '2019-05-11 12:00:00', '2019-06-13 11:48:09'),
(299, 50, 47, 'medium', 2, 2, 1200, 0, NULL, 0, '2019-05-11 12:00:00', '2019-06-13 11:48:09'),
(300, 50, 14, 'medium', 2, 2, 1200, 0, NULL, 0, '2019-05-11 12:00:00', '2019-06-13 11:48:09'),
(301, 50, 43, 'medium', 2, 2, 1200, 0, NULL, 0, '2019-05-11 12:00:00', '2019-06-13 11:48:09'),
(302, 50, 39, 'medium', 2, 2, 1200, 0, NULL, 0, '2019-05-11 12:00:00', '2019-06-13 11:48:09'),
(303, 50, 49, 'medium', 2, 2, 1200, 0, NULL, 0, '2019-05-11 12:00:00', '2019-06-13 11:48:09'),
(304, 50, 1, 'medium', 2, 2, 1035, 547, NULL, 1, '2019-05-11 12:00:00', '2019-06-13 11:48:09'),
(305, 51, 3, 'deadly', 4, 3, 3130, 4485, NULL, 0, '2019-05-12 12:00:00', '2019-06-13 11:56:23'),
(306, 51, 12, 'deadly', 4, 3, 3130, 5655, NULL, 0, '2019-05-12 12:00:00', '2019-06-13 11:56:23'),
(307, 51, 20, 'deadly', 4, 3, 3130, 3510, NULL, 0, '2019-05-12 12:00:00', '2019-06-13 11:56:23'),
(308, 51, 39, 'deadly', 4, 3, 3130, 5655, NULL, 0, '2019-05-12 12:00:00', '2019-06-13 11:56:23'),
(309, 51, 50, 'medium', 4, 3, 683, 351, NULL, 1, '2019-05-12 12:00:00', '2019-06-13 11:56:23'),
(310, 52, 1, 'medium', 2, 1, 810, 821, NULL, 0, '2019-05-17 12:00:00', '2019-06-13 12:03:14'),
(311, 52, 2, 'medium', 2, 1, 810, 547, NULL, 0, '2019-05-17 12:00:00', '2019-06-13 12:03:14'),
(312, 52, 3, 'medium', 2, 1, 810, 821, NULL, 0, '2019-05-17 12:00:00', '2019-06-13 12:03:14'),
(313, 52, 47, 'medium', 2, 1, 810, 243, NULL, 0, '2019-05-17 12:00:00', '2019-06-13 12:03:14'),
(314, 52, 5, 'medium', 2, 1, 810, 547, 'Death', 0, '2019-05-17 12:00:00', '2019-06-13 12:03:14'),
(315, 52, 39, 'medium', 2, 1, 810, 821, NULL, 0, '2019-05-17 12:00:00', '2019-06-13 12:03:14'),
(316, 52, 50, 'medium', 2, 1, 810, 162, NULL, 0, '2019-05-17 12:00:00', '2019-06-13 12:03:14'),
(317, 52, 51, 'medium', 2, 1, 810, 162, NULL, 0, '2019-05-17 12:00:00', '2019-06-13 12:03:14'),
(318, 52, 12, 'medium', 2, 1, 1305, 821, NULL, 1, '2019-05-17 12:00:00', '2019-06-13 12:03:14'),
(319, 53, 2, 'role play', 2, 0, 1035, 0, NULL, 0, '2019-05-18 12:00:00', '2019-06-13 12:09:08'),
(320, 53, 47, 'role play', 2, 0, 1035, 0, NULL, 0, '2019-05-18 12:00:00', '2019-06-13 12:09:08'),
(321, 53, 7, 'role play', 2, 0, 1035, 0, NULL, 0, '2019-05-18 12:00:00', '2019-06-13 12:09:08'),
(322, 53, 23, 'role play', 2, 0, 1035, 0, NULL, 0, '2019-05-18 12:00:00', '2019-06-13 12:09:08'),
(323, 53, 39, 'role play', 2, 0, 1035, 0, NULL, 0, '2019-05-18 12:00:00', '2019-06-13 12:09:08'),
(324, 53, 1, 'medium', 2, 3, 1305, 821, NULL, 1, '2019-05-18 12:00:00', '2019-06-13 12:09:08'),
(325, 54, 3, 'deadly', 6, 3, 7775, 0, 'Death', 0, '2019-05-22 12:00:00', '2019-06-13 12:16:40'),
(326, 54, 47, 'deadly', 5, 3, 4332, 0, 'Death', 0, '2019-05-22 12:00:00', '2019-06-13 12:16:40'),
(327, 54, 20, 'deadly', 6, 3, 5563, 0, NULL, 0, '2019-05-22 12:00:00', '2019-06-13 12:16:40'),
(328, 54, 43, 'deadly', 6, 3, 6133, 0, 'Death', 0, '2019-05-22 12:00:00', '2019-06-13 12:16:40'),
(329, 54, 39, 'deadly', 6, 3, 7205, 0, NULL, 0, '2019-05-22 12:00:00', '2019-06-13 12:16:40'),
(330, 54, 12, 'medium', 6, 3, 5669, 0, NULL, 1, '2019-05-22 12:00:00', '2019-06-13 12:16:40'),
(331, 55, 2, 'medium', 3, 1, 2700, 0, NULL, 0, '2019-05-24 12:00:00', '2019-06-13 12:22:19'),
(332, 55, 3, 'medium', 3, 1, 2700, 0, NULL, 0, '2019-05-24 12:00:00', '2019-06-13 12:22:19'),
(333, 55, 20, 'medium', 3, 1, 2700, 0, NULL, 0, '2019-05-24 12:00:00', '2019-06-13 12:22:19'),
(334, 55, 23, 'medium', 3, 1, 2700, 0, NULL, 0, '2019-05-24 12:00:00', '2019-06-13 12:22:19'),
(335, 55, 39, 'medium', 3, 1, 2700, 0, NULL, 0, '2019-05-24 12:00:00', '2019-06-13 12:22:19'),
(336, 55, 1, 'medium', 3, 3, 3543, 0, NULL, 1, '2019-05-24 12:00:00', '2019-06-13 12:22:19'),
(337, 56, 2, 'role play', 3, 0, 2316, 0, NULL, 0, '2019-05-25 12:00:00', '2019-06-13 12:26:30'),
(338, 56, 7, 'role play', 3, 0, 2316, 0, NULL, 0, '2019-05-25 12:00:00', '2019-06-13 12:26:30'),
(339, 56, 28, 'role play', 3, 0, 2316, 0, NULL, 0, '2019-05-25 12:00:00', '2019-06-13 12:26:30'),
(340, 56, 14, 'role play', 3, 0, 2316, 0, NULL, 0, '2019-05-25 12:00:00', '2019-06-13 12:26:30'),
(341, 56, 52, 'role play', 3, 0, 2316, 0, NULL, 0, '2019-05-25 12:00:00', '2019-06-13 12:26:30'),
(342, 56, 39, 'role play', 3, 0, 2316, 0, NULL, 0, '2019-05-25 12:00:00', '2019-06-13 12:26:30'),
(343, 56, 34, 'role play', 3, 0, 2316, 0, NULL, 0, '2019-05-25 12:00:00', '2019-06-13 12:26:30'),
(344, 56, 1, 'medium', 3, 3, 3543, 0, NULL, 1, '2019-05-25 12:00:00', '2019-06-13 12:26:30'),
(345, 57, 2, 'medium', 2, 2, 1020, 0, NULL, 0, '2019-06-26 12:00:00', '2019-06-13 12:32:22'),
(346, 57, 3, 'medium', 2, 2, 1020, 0, NULL, 0, '2019-06-26 12:00:00', '2019-06-13 12:32:22'),
(347, 57, 20, 'medium', 2, 2, 1020, 0, NULL, 0, '2019-06-26 12:00:00', '2019-06-13 12:32:22'),
(348, 57, 43, 'medium', 2, 2, 1020, 0, NULL, 0, '2019-06-26 12:00:00', '2019-06-13 12:32:22'),
(349, 57, 34, 'medium', 2, 2, 1020, 0, NULL, 0, '2019-06-26 12:00:00', '2019-06-13 12:32:22'),
(350, 57, 1, 'medium', 2, 2, 2126, 0, NULL, 1, '2019-06-26 12:00:00', '2019-06-13 12:32:22'),
(351, 58, 2, 'medium', 2, 1, 1420, 0, NULL, 0, '2019-05-28 12:00:00', '2019-06-13 12:35:58'),
(352, 58, 14, 'medium', 2, 1, 840, 0, NULL, 0, '2019-05-28 12:00:00', '2019-06-13 12:35:58'),
(353, 58, 49, 'medium', 2, 1, 760, 0, NULL, 0, '2019-05-28 12:00:00', '2019-06-13 12:35:58'),
(354, 58, 1, 'medium', 2, 1, 2126, 0, NULL, 1, '2019-05-28 12:00:00', '2019-06-13 12:35:58'),
(355, 59, 3, 'medium', 4, 1, 975, 2668, 'Rensi', 0, '2019-05-28 12:00:00', '2019-06-13 12:46:21'),
(356, 59, 12, 'medium', 4, 1, 975, 2668, 'Meteor maul', 0, '2019-05-28 12:00:00', '2019-06-13 12:46:21'),
(357, 59, 20, 'medium', 4, 1, 975, 1778, NULL, 0, '2019-05-28 12:00:00', '2019-06-13 12:46:21'),
(358, 59, 39, 'medium', 4, 1, 975, 2668, 'Noitamaglama spear', 0, '2019-05-28 12:00:00', '2019-06-13 12:46:21'),
(359, 59, 48, 'medium', 4, 0, 0, 527, 'Slaying bowstring', 0, '2019-05-28 12:00:00', '2019-06-13 12:46:21'),
(360, 59, 37, 'medium', 4, 0, 0, 790, 'Resni, Selection of spells', 0, '2019-05-28 12:00:00', '2019-06-13 12:46:21'),
(361, 59, 52, 'medium', 4, 0, 0, 351, NULL, 0, '2019-05-28 12:00:00', '2019-06-13 12:46:21'),
(362, 59, 34, 'medium', 4, 0, 0, 1186, 'Necklace of fireballs (2)', 0, '2019-05-28 12:00:00', '2019-06-13 12:46:21'),
(363, 59, 43, 'medium', 4, 3, 2243, 1186, NULL, 1, '2019-05-28 12:00:00', '2019-06-13 12:46:21'),
(364, 60, 3, 'hard', 4, 3, 3650, 2408, NULL, 0, '2019-06-02 12:00:00', '2019-06-13 12:54:14'),
(365, 60, 34, 'hard', 4, 3, 3650, 2408, NULL, 0, '2019-06-02 12:00:00', '2019-06-13 12:54:14'),
(366, 60, 43, 'hard', 4, 3, 3650, 2408, NULL, 0, '2019-06-02 12:00:00', '2019-06-13 12:54:14'),
(367, 60, 37, 'hard', 4, 3, 3650, 2408, NULL, 0, '2019-06-02 12:00:00', '2019-06-13 12:54:14'),
(368, 61, 1, 'hard', 4, 3, 3870, 4001, NULL, 0, '2019-06-05 12:00:00', '2019-06-13 12:59:32'),
(369, 61, 3, 'role play', 2, 0, 220, 1847, NULL, 0, '2019-06-05 12:00:00', '2019-06-13 12:59:32'),
(370, 61, 7, 'hard', 4, 3, 3870, 4001, NULL, 0, '2019-06-05 12:00:00', '2019-06-13 12:59:32'),
(371, 61, 12, 'hard', 4, 3, 3870, 4001, NULL, 0, '2019-06-05 12:00:00', '2019-06-13 12:59:32'),
(372, 61, 34, 'hard', 4, 3, 3870, 2668, NULL, 0, '2019-06-05 12:00:00', '2019-06-13 12:59:32'),
(373, 61, 43, 'medium', 4, 3, 2828, 1778, NULL, 1, '2019-06-05 12:00:00', '2019-06-13 12:59:32'),
(374, 62, 2, 'medium', 3, 3, 3360, 0, NULL, 0, '2019-06-08 12:00:00', '2019-06-13 13:02:47'),
(375, 62, 3, 'medium', 3, 3, 3860, 0, 'Old jewelled crown key', 0, '2019-06-08 12:00:00', '2019-06-13 13:02:47'),
(376, 62, 7, 'medium', 3, 3, 3860, 0, NULL, 0, '2019-06-08 12:00:00', '2019-06-13 13:02:47'),
(377, 62, 37, 'medium', 3, 3, 3860, 0, NULL, 0, '2019-06-08 12:00:00', '2019-06-13 13:02:47'),
(378, 62, 39, 'medium', 3, 3, 3860, 0, NULL, 0, '2019-06-08 12:00:00', '2019-06-13 13:02:47'),
(379, 62, 43, 'medium', 3, 3, 2175, 1368, NULL, 1, '2019-06-08 12:00:00', '2019-06-13 13:02:47');

DROP TABLE IF EXISTS `trades`;
CREATE TABLE IF NOT EXISTS `trades` (
  `id` bigint(20) UNSIGNED NOT NULL AUTO_INCREMENT,
  `character_id` bigint(20) NOT NULL,
  `gold` bigint(20) NOT NULL,
  `note` text COLLATE utf8mb4_unicode_ci NOT NULL,
  `created_at` timestamp NULL DEFAULT NULL,
  `updated_at` timestamp NULL DEFAULT NULL,
  PRIMARY KEY (`id`),
  KEY `trades_character_id_foreign` (`character_id`)
) ENGINE=MyISAM AUTO_INCREMENT=112 DEFAULT CHARSET=utf8mb4 COLLATE=utf8mb4_unicode_ci;

INSERT INTO `trades` (`id`, `character_id`, `gold`, `note`, `created_at`, `updated_at`) VALUES
(1, 7, 150, '3 potions of healing', '2019-06-15 14:17:21', '2019-06-15 14:17:21'),
(2, 7, 50, 'black leather eyepatch with a carnelian', '2019-06-15 14:17:29', '2019-06-15 14:17:29'),
(3, 7, 100, '2 healing potions', '2019-06-15 14:17:42', '2019-06-15 14:17:42'),
(4, 7, 3000, 'waterbourne and keen enchantments on a shortbow', '2019-06-15 14:18:04', '2019-06-15 14:18:04'),
(5, 7, 500, '5 scrolls of magic missile', '2019-06-15 14:18:14', '2019-06-15 14:18:14'),
(6, 5, -500, 'gift from kitten who had sold a magic item for 500 gp more than they had told the rest of the party', '2019-06-15 14:20:15', '2019-06-15 14:20:15'),
(7, 5, 1, 'bribe for a goblin in the black lotus nightclub', '2019-06-15 14:20:50', '2019-06-15 14:20:50'),
(8, 4, -100, 'busking earnings', '2019-06-15 14:21:31', '2019-06-15 14:21:31'),
(9, 4, 100, 'purchase of the xorn, although it seems to just follow whomever has better animal handling', '2019-06-15 14:22:31', '2019-06-15 14:22:31'),
(10, 4, 1000, 'plus 1 rapier purchase', '2019-06-15 14:23:30', '2019-06-15 14:23:30'),
(11, 10, 2000, 'glamoured studded leather armour from carnival vendors', '2019-06-15 14:29:26', '2019-06-15 14:29:26'),
(12, 10, -50, 'tip from the shopkeep for some rumor info from bandits and heroes adventure', '2019-06-15 14:30:37', '2019-06-15 14:30:37'),
(13, 3, 500, 'paid shimbal for the ring of evasion', '2019-06-15 14:32:54', '2019-06-15 14:32:54'),
(14, 5, -500, 'paid shimbal for the ring of evasion', '2019-06-15 14:32:54', '2019-06-15 14:32:54'),
(15, 3, 100, 'silvered enchantment', '2019-06-15 14:34:07', '2019-06-15 14:34:07'),
(16, 3, 500, 'adamantine enchantment on half plate', '2019-06-15 14:34:27', '2019-06-15 14:34:27'),
(17, 9, 50, 'greataxe', '2019-06-15 14:34:58', '2019-06-15 14:34:58'),
(18, 9, 50, 'potion of healing', '2019-06-15 14:35:15', '2019-06-15 14:35:15'),
(19, 12, 380, 'bought vicious greataxe from the carnival', '2019-06-15 14:36:25', '2019-06-15 14:36:25'),
(20, 12, 100, 'donation to kitten in exchange for him investing in the fighting pits', '2019-06-15 14:37:25', '2019-06-15 14:37:25'),
(21, 4, -100, 'donation to kitten in exchange for him investing in the fighting pits', '2019-06-15 14:37:25', '2019-06-15 14:37:25'),
(22, 12, 64, 'donation to karn', '2019-06-15 14:38:09', '2019-06-15 14:38:09'),
(23, 18, -64, 'donation to karn', '2019-06-15 14:38:09', '2019-06-15 14:38:09'),
(24, 12, -21, 'selling backpack, chainmail and sheild', '2019-06-15 14:38:53', '2019-06-15 14:38:53'),
(25, 12, 100, 'gruk gets cullarin to transmute his old greataxe into a well crafted artisan worthy greataxe with cullarins artisans blessing, he spends an extra 100 gp on valuable materials in order to do this', '2019-06-15 14:39:48', '2019-06-15 14:39:48'),
(26, 12, 500, 'gruk spends 500 gp buying materials for gain to enchant this new savage looking greataxe with an adamantine transmutation enchantment', '2019-06-15 14:40:43', '2019-06-15 14:40:43'),
(27, 12, 2500, 'gruk spends 2500 gp buying materials for gain to enchant this adamantine greataxe with the keen enchantment', '2019-06-15 14:41:37', '2019-06-15 14:41:37'),
(28, 12, 7000, 'gruk spends 5000 gp buying materials for gain to enchant this keen adamantine greataxe with the savage enchantment', '2019-06-15 14:42:09', '2019-06-15 14:42:09'),
(29, 12, 500, 'adamantine enchantment for his plate armour', '2019-06-15 14:42:32', '2019-06-15 14:42:32'),
(30, 12, 5, 'courier services to find gain in the city', '2019-06-15 14:43:06', '2019-06-15 14:43:06'),
(31, 13, -18, 'sells chainmail', '2019-06-15 14:46:14', '2019-06-15 14:46:14'),
(32, 13, 1500, 'buy plate', '2019-06-15 14:46:32', '2019-06-15 14:46:32'),
(33, 40, 500, 'leaving the village noitamaglama donates to his friend frandan to further his horticultural practises', '2019-06-15 14:49:11', '2019-06-15 14:49:11'),
(34, 13, -500, 'leaving the village noitamaglama donates to his friend frandan to further his horticultural practises', '2019-06-15 14:49:11', '2019-06-15 14:49:11'),
(35, 17, 100, 'buying pearl', '2019-06-15 14:50:06', '2019-06-15 14:50:06'),
(36, 23, 300, 'loan to shana', '2019-06-15 14:51:29', '2019-06-15 14:51:29'),
(37, 17, -300, 'loan to shana', '2019-06-15 14:53:09', '2019-06-15 14:53:09'),
(38, 17, 300, 'repaying skorm for a loan', '2019-06-15 14:54:09', '2019-06-15 14:54:09'),
(39, 23, -300, 'repaying skorm for a loan', '2019-06-15 14:54:09', '2019-06-15 14:54:09'),
(40, 17, 150, '3 healing potions', '2019-06-15 14:54:45', '2019-06-15 14:54:45'),
(41, 16, 100, 'old supply house map', '2019-06-15 14:55:21', '2019-06-15 14:55:21'),
(42, 16, 50, 'heavy crossbow', '2019-06-15 14:55:37', '2019-06-15 14:55:37'),
(43, 16, 150, 'pearl, divining sticks and a component pouch', '2019-06-15 14:56:04', '2019-06-15 14:56:04'),
(44, 18, 50, 'longbow', '2019-06-15 14:57:51', '2019-06-15 14:57:51'),
(45, 53, 20, 'brewers kit', '2019-06-15 14:58:15', '2019-06-15 14:58:15'),
(46, 2, -200, 'sold some gems', '2019-06-15 15:00:11', '2019-06-15 15:00:11'),
(47, 2, -6, 'sold a light crossbow and some bolts', '2019-06-15 15:00:53', '2019-06-15 15:00:53'),
(48, 2, 62, 'longbow, arrows, quiver and shield', '2019-06-15 15:01:22', '2019-06-15 15:01:22'),
(49, 2, 101, '2 healing potions and a spear', '2019-06-15 15:01:57', '2019-06-15 15:01:57'),
(50, 2, 100, 'gets the silvered enchantment for a spear', '2019-06-15 15:02:29', '2019-06-15 15:02:29'),
(51, 2, -17, 'gambling winnings from the black lotus', '2019-06-15 15:02:45', '2019-06-15 15:02:45'),
(52, 2, 1500, 'gets gain to enchant his shield', '2019-06-15 15:03:16', '2019-06-15 15:03:16'),
(53, 2, 50, 'antitoxin', '2019-06-15 15:03:30', '2019-06-15 15:03:30'),
(54, 2, 2500, 'keen enchantment for his spear', '2019-06-15 15:04:10', '2019-06-15 15:04:10'),
(55, 2, 70, 'smiths tools and 50 gp of silver to silver a spear', '2019-06-15 15:05:14', '2019-06-15 15:05:14'),
(56, 2, 500, 'adamantine enchantment for his plate', '2019-06-15 15:05:40', '2019-06-15 15:05:40'),
(57, 2, 2500, 'protection enchantment for his plate armour', '2019-06-15 15:06:07', '2019-06-15 15:06:07'),
(58, 19, -30, 'earned during ghouls and goblins adventure', '2019-06-15 15:07:45', '2019-06-15 15:07:45'),
(59, 20, 5, 'warpick', '2019-06-15 15:09:23', '2019-06-15 15:09:23'),
(60, 20, 2000, 'buys the plus 2 mace that he found in the haunted house, giving the money to the people in the adventure he found it in, making a saving of 400 gp', '2019-06-15 15:10:10', '2019-06-15 15:10:10'),
(61, 20, 300, 'buying a belt of storm giant strength to be used momentarily in a dungeon', '2019-06-15 15:10:55', '2019-06-15 15:10:55'),
(62, 20, 10, 'flail', '2019-06-15 15:11:04', '2019-06-15 15:11:04'),
(63, 20, 500, 'focus enchantment for his flail', '2019-06-15 15:11:55', '2019-06-15 15:11:55'),
(64, 20, 1500, 'magic gets zero to enchant his flail with the keen enchantment for 1500 gp plus his uncommon mertia worth 1000 gp', '2019-06-15 15:14:36', '2019-06-15 15:14:36'),
(65, 20, 501, 'buys a nice metal quarterstaff for 1 gp and has zero enchant it with the focus enchant for 500 gp, then disenchants his flail and transfers the enchantment to the quarterstaff', '2019-06-15 15:16:37', '2019-06-15 15:16:37'),
(66, 26, -20, 'remainder of his reward from the other us adventure', '2019-06-15 15:18:47', '2019-06-15 15:18:47'),
(67, 26, 200, 'magical ink to learn fog cloud, comprehend languages and web', '2019-06-15 15:19:42', '2019-06-15 15:19:42'),
(68, 26, 150, 'magical ink to learn flaming sphere and magic missile', '2019-06-15 15:20:07', '2019-06-15 15:20:07'),
(69, 23, 250, 'leopard fur choker set with a star rose quartz worth 250 gp', '2019-06-15 15:21:07', '2019-06-15 15:21:07'),
(70, 23, 154, '2 hand crossbows, 2 bolt cases and 40 bolts', '2019-06-15 15:22:01', '2019-06-15 15:22:01'),
(71, 23, 1, '10 flasks of oil', '2019-06-15 15:22:21', '2019-06-15 15:22:21'),
(72, 23, 850, 'vicious hand crossbow from the carnival and 10 potions of healing', '2019-06-15 15:24:06', '2019-06-15 15:24:06'),
(73, 23, -37, 'selling 2 hand crossbows', '2019-06-15 15:24:28', '2019-06-15 15:24:28'),
(74, 23, -261, 'gruk sells skorms burglar\'s pack, 8 flasks of oil, 3 empty vials, thieves tools, leopard fur collar', '2019-06-15 15:25:17', '2019-06-15 15:25:17'),
(75, 23, 2235, 'gruk uses skorms remaining money to purchase a 1000 gp diamond and help pay for a scroll of ressurection', '2019-06-15 15:26:17', '2019-06-15 15:26:17'),
(76, 23, 100, 'thieves\' tools, disguise kit, and poisoner\'s kit', '2019-06-15 15:27:13', '2019-06-15 15:27:13'),
(77, 28, -100, 'remainder of her reward from the other us adventure', '2019-06-15 15:32:50', '2019-06-15 15:32:50'),
(78, 28, 100, 'mistake by a dm', '2019-06-15 15:34:33', '2019-06-15 15:34:33'),
(79, 31, 100, '4 blank books', '2019-06-15 15:35:09', '2019-06-15 15:35:09'),
(80, 31, 100, '2 healing potions', '2019-06-15 15:35:20', '2019-06-15 15:35:20'),
(81, 34, 307, 'expensive fine robes with red, orange and yellow firey colours, 2 oil flasks, steel mirror, 40 crossbow bolts and case, 5 cheap healing potions, blanket, mess kit, backpack, climbing kit, grappling hook, 2 glass jars', '2019-06-15 15:37:41', '2019-06-15 15:37:41'),
(82, 34, 180, 'invisibility potion', '2019-06-15 15:38:56', '2019-06-15 15:38:56'),
(83, 34, 1326, 'gruk uses some of sharoars money with a large amount from skrom to buy a ressurection scroll', '2019-06-15 15:39:57', '2019-06-15 15:39:57'),
(84, 34, 50, 'chromatic orb diamond', '2019-06-15 15:40:11', '2019-06-15 15:40:11'),
(85, 34, 5, 'golden sands alcohol', '2019-06-15 15:40:26', '2019-06-15 15:40:26'),
(86, 39, -800, 'remainder of her reward from the other us adventure', '2019-06-15 15:41:30', '2019-06-15 15:41:30'),
(87, 39, 3, '3 vials', '2019-06-15 15:41:54', '2019-06-15 15:41:54'),
(88, 39, -5, 'gambling winnings from the black lotus', '2019-06-15 15:42:12', '2019-06-15 15:42:12'),
(89, 39, 1, 'bribing a goblin from the black lotus nightclub', '2019-06-15 15:42:36', '2019-06-15 15:42:36'),
(90, 39, 500, '5 malachite, 5 moss agate, chrysocolla, green zircon, tourmaline green, green garnet, green jade', '2019-06-15 15:43:42', '2019-06-15 15:43:42'),
(91, 39, 200, 'jade gets gain to enchant her armour with the smouldering enchantment giving it a green aura', '2019-06-15 15:44:27', '2019-06-15 15:44:27'),
(92, 39, 100, 'buys insignia of claws item for temporary use during a dungeon', '2019-06-15 15:44:56', '2019-06-15 15:44:56'),
(93, 39, 6000, 'jade gets gain to enchant her dragon scale mail with the draconic for enchantment for 2500 gp and the resistance to Acid enchantment for 3500 gp', '2019-06-15 15:45:51', '2019-06-15 15:45:51'),
(94, 39, 5000, 'jade buys a ruby from the party that went on the your turn adventure', '2019-06-15 15:46:41', '2019-06-15 15:46:41'),
(95, 39, 50, 'buys a red zircon gem', '2019-06-15 15:47:08', '2019-06-15 15:47:08'),
(96, 37, 1590, 'when gain isn\'t out adventuring, mapping and enchanting time she has studied some of the spell books in the library, she spends a lot of magical ink and time scribing the following spells. 25 gp for each of the following 1st level conjuration, fog cloud, find familiar, grease, tenser floating disk, unseen servant. 50 gp for each of these 2nd level conjuration, cloud of daggers, dust devil, flaming sphere, web. 50 gp for each of these 1st level spells, disguise self, identify, mage armour, magic missile, absorb elements, burning hands, protection from evil and good. 100 gp for each of these 2nd level spells, arcane lock, invisibility, magic weapon, darkness, dark vision, invisibility, hold person. She also buys 5 vials for 5 gp, 10 gp on find familiar reagents, 1 pearl for 100 gp, a 50 gp diamond and a 50 gp potion of healing.', '2019-06-15 15:50:06', '2019-06-15 15:50:06'),
(97, 37, 5, '5 gp worth of sugary treats with a tip', '2019-06-15 15:50:31', '2019-06-15 15:50:31'),
(98, 37, 800, 'gain purchases magical inks and a spell scroll in order to scribe spells after studying with sulan, she learns one second level conjuration spell (misty step) and five third levels from his spellbook (fly, counter spell, dispell magic, sending, sending, tongues), spending 8 hours a day for 4 days and 800 gp.', '2019-06-15 15:51:21', '2019-06-15 15:51:21'),
(99, 37, 900, 'she then works on jades enchantments till the 7th of june, where she continues scribing spells spending a further 4 and a half 8 hour days and 900gp learning a further 6 spells third level spells (bestow curse, non detection, magic circle, remove curse glyph of warding and haste).', '2019-06-15 15:52:19', '2019-06-15 15:52:19'),
(100, 37, 5, 'the tip for those sugary treats', '2019-06-15 15:53:00', '2019-06-15 15:53:00'),
(101, 43, -200, 'sold some gems from the slay the spire adventure', '2019-06-15 15:54:52', '2019-06-15 15:54:52'),
(102, 43, 500, 'pailor gets shana to craft a pair of necklaces', '2019-06-15 15:55:36', '2019-06-15 15:55:36'),
(103, 43, 1000, 'pailor gets gain to enchant the necklace of two parts. one half requires attunement by a character who has misty step on their spell list. as a bonus action the attuned wearer can use the necklace to teleport towards the wearer of the other necklace up to 30 feet, they must also be able to see them. once the necklace is used in this way, it cannot be used again till the next dawn.', '2019-06-15 15:58:53', '2019-06-15 15:58:53'),
(104, 43, 250, '5 potions of healing', '2019-06-15 15:59:14', '2019-06-15 15:59:14'),
(105, 43, 3000, 'pailor gets gain to enchant his glaive daisy with the sentinel  (fiends) and keen enchantments', '2019-06-15 16:00:59', '2019-06-15 16:00:59'),
(106, 45, 51, 'longbow and arrows', '2019-06-15 16:01:34', '2019-06-15 16:01:34'),
(107, 45, 1000, 'plus 1 enchantment to the longbow', '2019-06-15 16:01:57', '2019-06-15 16:01:57'),
(108, 45, 100, '2 potions of healing', '2019-06-15 16:02:09', '2019-06-15 16:02:09'),
(109, 47, 100, '2 antitoxins', '2019-06-15 16:02:43', '2019-06-15 16:02:43'),
(110, 47, 4, '5 torches, 3 flasks of oil', '2019-06-15 16:03:07', '2019-06-15 16:03:07'),
(111, 48, 401, 'breastplate and 20 arrows', '2019-06-15 16:03:48', '2019-06-15 16:03:48');

DROP TABLE IF EXISTS `features`;
CREATE TABLE IF NOT EXISTS `features` (
  `id` bigint(20) UNSIGNED NOT NULL AUTO_INCREMENT,
  `name` varchar(191) COLLATE utf8mb4_unicode_ci NOT NULL,
  `active` tinyint(1) NOT NULL DEFAULT '1',
  `created_at` timestamp NULL DEFAULT NULL,
  `updated_at` timestamp NULL DEFAULT NULL,
  PRIMARY KEY (`id`),
  UNIQUE KEY `features_name_unique` (`name`)
) ENGINE=MyISAM AUTO_INCREMENT=2 DEFAULT CHARSET=utf8mb4 COLLATE=utf8mb4_unicode_ci;

INSERT INTO `features` (`id`, `name`, `active`, `created_at`, `updated_at`) VALUES
(1, 'contributions', 0, NULL, NULL);

DROP TABLE IF EXISTS `causes`;
CREATE TABLE IF NOT EXISTS `causes` (
  `id` bigint(20) UNSIGNED NOT NULL AUTO_INCREMENT,
  `name` varchar(191) COLLATE utf8mb4_unicode_ci NOT NULL,
  `active` tinyint(1) NOT NULL DEFAULT '1',
  `created_at` timestamp NULL DEFAULT NULL,
  `updated_at` timestamp NULL DEFAULT NULL,
  PRIMARY KEY (`id`),
  UNIQUE KEY `causes_name_unique` (`name`)
) ENGINE=MyISAM AUTO_INCREMENT=3 DEFAULT CHARSET=utf8mb4 COLLATE=utf8mb4_unicode_ci;

INSERT INTO `causes` (`id`, `name`, `active`, `created_at`, `updated_at`) VALUES
(1, 'Fortunes Dawn', 1, '2019-02-17 09:00:00', '2019-02-17 09:00:00'),
(2, 'Fortunes Favoured', 1, '2019-05-30 12:00:00', '2019-02-17 09:00:00');

DROP TABLE IF EXISTS `projects`;
CREATE TABLE IF NOT EXISTS `projects` (
  `id` bigint(20) UNSIGNED NOT NULL AUTO_INCREMENT,
  `cause_id` bigint(20) NOT NULL,
  `name` varchar(191) COLLATE utf8mb4_unicode_ci NOT NULL,
  `created_at` timestamp NULL DEFAULT NULL,
  `updated_at` timestamp NULL DEFAULT NULL,
  PRIMARY KEY (`id`),
  UNIQUE KEY `projects_name_unique` (`name`),
  KEY `projects_cause_id_foreign` (`cause_id`)
) ENGINE=MyISAM AUTO_INCREMENT=31 DEFAULT CHARSET=utf8mb4 COLLATE=utf8mb4_unicode_ci;

INSERT INTO `projects` (`id`, `cause_id`, `name`, `created_at`, `updated_at`) VALUES
(1, 1, 'Tavern', '2019-02-16 20:00:00', '2019-02-16 20:00:00'),
(2, 1, 'Shop', '2019-02-16 20:00:00', '2019-02-16 20:00:00'),
(3, 1, 'Performance Stage', '2019-02-16 20:00:00', '2019-02-16 20:00:00'),
(4, 1, 'Fighting Pit', '2019-02-16 20:00:00', '2019-02-16 20:00:00'),
(5, 1, 'Shrine', '2019-02-16 20:00:00', '2019-02-16 20:00:00'),
(6, 1, 'Arcanum Library', '2019-02-16 20:00:00', '2019-02-16 20:00:00'),
(7, 1, 'Arcanum Enchant', '2019-02-16 20:00:00', '2019-02-16 20:00:00'),
(8, 1, 'Arborist', '2019-02-16 20:00:00', '2019-02-16 20:00:00'),
(9, 1, 'Mine', '2019-02-16 20:00:00', '2019-02-16 20:00:00'),
(10, 1, 'Goblin Barracks', '2019-02-16 20:00:00', '2019-02-16 20:00:00'),
(11, 1, 'Dojo', '2019-02-16 20:00:00', '2019-02-16 20:00:00'),
(12, 1, 'Graveyard', '2019-02-16 20:00:00', '2019-02-16 20:00:00'),
(13, 1, 'Magic Forge', '2019-02-16 20:00:00', '2019-02-16 20:00:00'),
(14, 1, 'Regular Forge', '2019-02-16 20:00:00', '2019-02-16 20:00:00'),
(15, 1, 'Watch Tower', '2019-02-16 20:00:00', '2019-02-16 20:00:00'),
(16, 1, 'Farmland', '2019-02-16 20:00:00', '2019-02-16 20:00:00'),
(17, 1, 'Artificers Workshop', '2019-02-16 20:00:00', '2019-02-16 20:00:00'),
(18, 1, 'Barracks', '2019-02-16 20:00:00', '2019-02-16 20:00:00'),
(19, 1, 'Stables', '2019-02-16 20:00:00', '2019-02-16 20:00:00'),
(20, 1, 'Quarry', '2019-02-16 20:00:00', '2019-02-16 20:00:00'),
(21, 1, 'Wall', '2019-02-16 20:00:00', '2019-02-16 20:00:00'),
(22, 1, 'Road', '2019-02-16 20:00:00', '2019-02-16 20:00:00'),
(23, 1, 'Docks', '2019-02-16 20:00:00', '2019-02-16 20:00:00'),
(24, 1, 'Dakovirs home', '2019-02-16 20:00:00', '2019-02-16 20:00:00'),
(25, 1, 'Nails home', '2019-02-16 20:00:00', '2019-02-16 20:00:00'),
(26, 1, 'Private Eye Detective', '2019-02-16 20:00:00', '2019-02-16 20:00:00'),
(27, 1, 'Sharoars home', '2019-02-16 20:00:00', '2019-02-16 20:00:00'),
(28, 1, 'Jades home', '2019-02-16 20:00:00', '2019-02-16 20:00:00'),
(29, 1, 'Magics home', '2019-02-16 20:00:00', '2019-02-16 20:00:00'),
(30, 2, 'Caravan', '2019-05-30 00:00:00', '2019-05-30 00:00:00');

DROP TABLE IF EXISTS `contributions`;
CREATE TABLE IF NOT EXISTS `contributions` (
  `id` bigint(20) UNSIGNED NOT NULL AUTO_INCREMENT,
  `project_id` bigint(20) NOT NULL,
  `character_id` bigint(20) NOT NULL,
  `amount` bigint(20) NOT NULL,
  `created_at` timestamp NULL DEFAULT NULL,
  `updated_at` timestamp NULL DEFAULT NULL,
  PRIMARY KEY (`id`),
  KEY `contributions_project_id_foreign` (`project_id`),
  KEY `contributions_character_id_foreign` (`character_id`)
) ENGINE=MyISAM AUTO_INCREMENT=82 DEFAULT CHARSET=utf8mb4 COLLATE=utf8mb4_unicode_ci;

INSERT INTO `contributions` (`id`, `project_id`, `character_id`, `amount`, `created_at`, `updated_at`) VALUES
(1, 1, 7, 200, '2019-06-14 20:28:33', '2019-06-14 20:28:33'),
(2, 1, 7, 231, '2019-06-14 20:28:44', '2019-06-14 20:28:44'),
(3, 8, 7, 1000, '2019-06-14 20:29:09', '2019-06-14 20:29:09'),
(4, 9, 7, 315, '2019-06-14 20:29:26', '2019-06-14 20:29:26'),
(5, 9, 7, 600, '2019-06-14 20:29:37', '2019-06-14 20:29:37'),
(6, 19, 7, 1000, '2019-06-14 20:29:49', '2019-06-14 20:29:49'),
(7, 20, 7, 1000, '2019-06-14 20:30:32', '2019-06-14 20:30:32'),
(8, 21, 7, 900, '2019-06-14 20:31:21', '2019-06-14 20:31:21'),
(9, 22, 7, 900, '2019-06-14 20:31:29', '2019-06-14 20:31:29'),
(10, 23, 7, 1000, '2019-06-14 20:31:59', '2019-06-14 20:31:59'),
(11, 1, 5, 2000, '2019-06-14 20:33:22', '2019-06-14 20:33:22'),
(12, 1, 5, 200, '2019-06-14 20:33:28', '2019-06-14 20:33:28'),
(13, 1, 5, 800, '2019-06-14 20:33:34', '2019-06-14 20:33:34'),
(14, 9, 5, 125, '2019-06-14 20:33:47', '2019-06-14 20:33:47'),
(15, 9, 5, 120, '2019-06-14 20:33:55', '2019-06-14 20:33:55'),
(16, 9, 5, 300, '2019-06-14 20:34:05', '2019-06-14 20:34:05'),
(17, 13, 5, 124, '2019-06-14 20:34:17', '2019-06-14 20:34:17'),
(18, 1, 4, 500, '2019-06-14 20:35:52', '2019-06-14 20:35:52'),
(19, 3, 4, 875, '2019-06-14 20:36:05', '2019-06-14 20:36:05'),
(20, 3, 4, 500, '2019-06-14 20:36:14', '2019-06-14 20:36:14'),
(21, 4, 4, 1370, '2019-06-14 20:36:28', '2019-06-14 20:36:28'),
(22, 9, 4, 200, '2019-06-14 20:36:38', '2019-06-14 20:36:38'),
(23, 30, 4, 3000, '2019-06-14 20:37:25', '2019-06-14 20:37:25'),
(24, 5, 10, 350, '2019-06-14 20:38:29', '2019-06-14 20:38:29'),
(25, 5, 10, 650, '2019-06-14 20:38:39', '2019-06-14 20:38:39'),
(26, 8, 10, 100, '2019-06-14 20:38:47', '2019-06-14 20:38:47'),
(27, 1, 3, 368, '2019-06-14 20:39:16', '2019-06-14 20:39:16'),
(28, 2, 3, 4000, '2019-06-14 20:40:54', '2019-06-14 20:40:54'),
(29, 10, 3, 720, '2019-06-14 20:46:20', '2019-06-14 20:46:20'),
(30, 10, 3, 2100, '2019-06-14 20:46:29', '2019-06-14 20:46:29'),
(31, 10, 3, 900, '2019-06-14 20:46:37', '2019-06-14 20:46:37'),
(32, 10, 3, 937, '2019-06-14 20:46:49', '2019-06-14 20:46:49'),
(33, 4, 9, 575, '2019-06-14 20:48:14', '2019-06-14 20:48:14'),
(34, 10, 9, 500, '2019-06-14 20:48:25', '2019-06-14 20:48:25'),
(35, 4, 12, 263, '2019-06-14 20:48:57', '2019-06-14 20:48:57'),
(36, 4, 12, 425, '2019-06-14 20:49:14', '2019-06-14 20:49:14'),
(37, 4, 12, 310, '2019-06-14 20:49:34', '2019-06-14 20:49:34'),
(38, 7, 12, 407, '2019-06-14 20:49:47', '2019-06-14 20:49:47'),
(39, 4, 15, 525, '2019-06-14 20:50:32', '2019-06-14 20:50:32'),
(40, 4, 13, 421, '2019-06-14 20:50:53', '2019-06-14 20:50:53'),
(41, 6, 13, 421, '2019-06-14 20:51:08', '2019-06-14 20:51:08'),
(42, 16, 13, 621, '2019-06-14 20:51:24', '2019-06-14 20:51:24'),
(43, 16, 13, 2240, '2019-06-14 20:51:33', '2019-06-14 20:51:33'),
(44, 16, 13, 715, '2019-06-14 20:51:40', '2019-06-14 20:51:40'),
(45, 6, 11, 800, '2019-06-14 20:52:08', '2019-06-14 20:52:08'),
(46, 17, 17, 300, '2019-06-14 20:52:34', '2019-06-14 20:52:34'),
(47, 17, 17, 1275, '2019-06-14 20:52:44', '2019-06-14 20:52:44'),
(48, 9, 16, 60, '2019-06-14 20:53:13', '2019-06-14 20:53:13'),
(49, 1, 18, 417, '2019-06-14 20:53:31', '2019-06-14 20:53:31'),
(50, 5, 18, 3000, '2019-06-14 20:53:45', '2019-06-14 20:53:45'),
(51, 7, 18, 2000, '2019-06-14 20:53:56', '2019-06-14 20:53:56'),
(52, 1, 53, 80, '2019-06-14 20:55:54', '2019-06-14 20:55:54'),
(53, 11, 53, 300, '2019-06-14 20:56:06', '2019-06-14 20:56:06'),
(54, 11, 53, 600, '2019-06-14 20:56:13', '2019-06-14 20:56:13'),
(55, 14, 2, 1450, '2019-06-14 20:58:29', '2019-06-14 20:58:29'),
(56, 6, 20, 445, '2019-06-14 20:59:53', '2019-06-14 20:59:53'),
(57, 20, 20, 314, '2019-06-14 21:00:16', '2019-06-14 21:00:16'),
(58, 29, 20, 880, '2019-06-14 21:00:30', '2019-06-14 21:00:30'),
(59, 30, 20, 737, '2019-06-14 21:01:53', '2019-06-14 21:01:53'),
(60, 25, 26, 350, '2019-06-14 21:02:54', '2019-06-14 21:02:54'),
(61, 14, 23, 600, '2019-06-14 21:03:32', '2019-06-14 21:03:32'),
(62, 11, 31, 300, '2019-06-14 21:04:32', '2019-06-14 21:04:32'),
(63, 11, 31, 1000, '2019-06-14 21:04:40', '2019-06-14 21:04:40'),
(64, 15, 31, 500, '2019-06-14 21:04:50', '2019-06-14 21:04:50'),
(65, 21, 31, 1240, '2019-06-14 21:05:03', '2019-06-14 21:05:03'),
(66, 1, 29, 300, '2019-06-14 21:05:31', '2019-06-14 21:05:31'),
(67, 24, 29, 600, '2019-06-14 21:05:41', '2019-06-14 21:05:41'),
(68, 14, 32, 400, '2019-06-14 21:06:15', '2019-06-14 21:06:15'),
(69, 13, 34, 900, '2019-06-14 21:07:21', '2019-06-14 21:07:21'),
(70, 17, 34, 150, '2019-06-14 21:07:31', '2019-06-14 21:07:31'),
(71, 18, 34, 750, '2019-06-14 21:07:41', '2019-06-14 21:07:41'),
(72, 18, 34, 250, '2019-06-14 21:07:49', '2019-06-14 21:07:49'),
(73, 23, 34, 1500, '2019-06-14 21:08:01', '2019-06-14 21:08:01'),
(74, 27, 34, 727, '2019-06-14 21:08:14', '2019-06-14 21:08:14'),
(75, 26, 36, 1000, '2019-06-14 21:09:15', '2019-06-14 21:09:15'),
(76, 21, 39, 51, '2019-06-14 21:09:42', '2019-06-14 21:09:42'),
(77, 28, 39, 160, '2019-06-14 21:09:52', '2019-06-14 21:09:52'),
(78, 7, 37, 829, '2019-06-14 21:10:19', '2019-06-14 21:10:19'),
(79, 7, 43, 1230, '2019-06-14 21:12:08', '2019-06-14 21:12:08'),
(80, 11, 18, 358, '2019-06-15 14:57:28', '2019-06-15 14:57:28'),
(81, 12, 22, 1000, '2019-06-15 16:23:48', '2019-06-15 16:23:48');